Content,Date,Language,Location,Number of Likes,Number of Retweets,In Reply To,Author Name,Author Description,Author Statuses Count,Author Favourites Count,Author Friends Count,Author Followers Count,Author Listed Count,Author Verified,Longitude,Latitude,Author
"FUTBOL SENIORS

üìçEl tanto de Emiliano Di Giacomo para la victoria del Senior ‚ÄúA‚Äù ante Banco Ciudad. https://t.co/rfSpc4kqLQ",2022-05-30 20:43:17,es,,0.0,0.0,,CPBCRA,Cuenta de twitter  oficial del Club del Personal del Banco Central de la Rep√∫blica Argentina.,634.0,19.0,2.0,124.0,0.0,False,,,@CPBCRAoficial
"FUTBOL SENIORS

üìçSeniors ‚ÄúA‚Äù: Victoria como visitantes ante Banco Ciudad por 1-0 gracias al gol de E. Di Giacomo.

üìçSeniors ‚ÄúB‚Äù (üì∑): Gran triunfo ante Banco Macro por 7 a 1. Los goles: L. Garaycochea, P.Galv√°n (2), F.Rodr√≠guez (2), A.Boffil y C. Saladino.
-&gt; https://t.co/RUrjEU93rO",2022-05-30 20:40:41,es,,1.0,1.0,,CPBCRA,Cuenta de twitter  oficial del Club del Personal del Banco Central de la Rep√∫blica Argentina.,634.0,19.0,2.0,124.0,0.0,False,,,@CPBCRAoficial
@krusty_78 comenzamos a seguirte seguinos para que puedas enviarnos DM aguardamos tu pronta respuesta saludos,2022-05-30 19:30:45,es,,0.0,0.0,@krusty_78,Banco Ciudad,Escribinos por Mensaje directo y empeza la conversaci√≥n con nuestro asistente virtual. Podes hablar con una persona del equipo de L a V de 8 a 20 horas,4.0,0.0,12.0,1.0,0.0,False,,,@__Banco_Ciudad
@P_Villalba comenzamos a seguirte seguinos para que puedas enviarnos DM aguardamos tu pronta respuesta saludos,2022-05-30 19:29:50,es,,0.0,0.0,@P_Villalba,Banco Ciudad,Escribinos por Mensaje directo y empeza la conversaci√≥n con nuestro asistente virtual. Podes hablar con una persona del equipo de L a V de 8 a 20 horas,4.0,0.0,12.0,1.0,0.0,False,,,@__Banco_Ciudad
@ester_d_m comenzamos a seguirte seguimos para que puedas enviarnos DM aguardamos tu pronta respuesta saludos,2022-05-30 19:28:38,es,,0.0,0.0,@ester_d_m,Banco Ciudad,Escribinos por Mensaje directo y empeza la conversaci√≥n con nuestro asistente virtual. Podes hablar con una persona del equipo de L a V de 8 a 20 horas,4.0,0.0,12.0,1.0,0.0,False,,,@__Banco_Ciudad
@AdrianG57086116 Hola buenas tardes comenzamos a seguirte seguimos para que puedas enviarnos DM aguardamos tu pronta respuesta saludos,2022-05-30 19:28:00,es,,0.0,0.0,@AdrianG57086116,Banco Ciudad,Escribinos por Mensaje directo y empeza la conversaci√≥n con nuestro asistente virtual. Podes hablar con una persona del equipo de L a V de 8 a 20 horas,4.0,0.0,12.0,1.0,0.0,False,,,@__Banco_Ciudad
Hola @elianaveok Buenas tardes estimado cliente empezamos a seguirte seguinos para que nos puedas enviarnos MD aguardamos por tu consulta atenci√≥n al cliente Banco Ciudad https://t.co/gy9o89YpIO,2022-05-30 18:41:32,es,,0.0,0.0,,Banco Ciudad,Bienvenido a nuestra p√°gina oficial de atenci√≥n al cliente de banco ciudad cont√°ctanos al privado Muchas gracias.,11.0,0.0,114.0,1.0,0.0,False,,,@_BncCiudad
@ester_d_m Hola buenas tardes para una mejor informaci√≥n te pedimos que nos brindes un n√∫mero de contacto y un asesor personal restablecera la comunicaci√≥n al instante Muchas gracias Banco Ciudad,2022-05-30 18:29:02,es,,0.0,0.0,@ester_d_m,Banco Ciudad,Escribinos por mensaje directo y enpeza la conversaci√≥n  con nuestros asistentes   virtuales podes hablar con una persona del equipo de L a V de 8 hs a 20 Horas,52.0,0.0,74.0,4.0,0.0,False,,,@CUIDADconsultas
Hablen dirigentes explique  como se subsiste sin sponsor durante un a√±o y medio .Que pas√≥ con el dinero del banco ciudad que iba a ir destinado a las luminarias del estadio q no se cambiaron.,2022-05-30 17:33:32,es,,67.0,16.0,,El M√©todo San Lorenzo,"üíªüì±üóØ Programa Radial .
Informacion.Proyectos.Econom√≠a. Marketing 
Think tank
@sanlorenzoredes 
Lunes y Viernes 20 30 hs 
por https://t.co/M62ce5fLsk",27158.0,1137.0,890.0,10860.0,43.0,False,,,@elmetodosanlore
Tengo q hacerme la transferencia del sueldo y la pagina del banco ciudad no funciona larepucha!,2022-05-30 16:05:27,es,,0.0,0.0,,Papy Ruky,me la paso comiendo y fumando porro,26620.0,16702.0,297.0,506.0,2.0,False,,,@RedonMartin1
@JaviGutierrez34 Hola buenos d√≠as Cont√°ctanos por est√© medio para ayudarte con tu inconveniente D√©janos t√∫ n√∫mero de tel√©fono para que un Ejecutivo de cuenta se comunique con usted Banco Ciudad.,2022-05-30 14:34:34,es,,0.0,0.0,@JaviGutierrez34,Banco Ciudad üá¶üá∑,Atenci√≥n al cliente Cont√°ctanos por est√© medio para ayudarte con tu inconveniente.,207.0,0.0,105.0,3.0,0.0,False,,,@HBciudad_chat
@EdmundoDantes_ Hola buenos d√≠as Cont√°ctanos por est√© medio para ayudarte con tu inconveniente D√©janos t√∫ n√∫mero de tel√©fono para que un Ejecutivo de cuenta se comunique con usted Banco Ciudad.,2022-05-30 14:34:12,es,,0.0,0.0,@EdmundoDantes_,Banco Ciudad üá¶üá∑,Atenci√≥n al cliente Cont√°ctanos por est√© medio para ayudarte con tu inconveniente.,207.0,0.0,105.0,3.0,0.0,False,,,@HBciudad_chat
@SashaMi25134288 Hola buenos d√≠as Cont√°ctanos por est√© medio para ayudarte con tu inconveniente D√©janos t√∫ n√∫mero de tel√©fono para que un Ejecutivo de cuenta se comunique con usted Banco Ciudad.,2022-05-30 14:34:01,es,,0.0,0.0,@SashaMi25134288,Banco Ciudad üá¶üá∑,Atenci√≥n al cliente Cont√°ctanos por est√© medio para ayudarte con tu inconveniente.,207.0,0.0,105.0,3.0,0.0,False,,,@HBciudad_chat
@danielainf Hola buenos d√≠as Cont√°ctanos por est√© medio para ayudarte con tu inconveniente D√©janos t√∫ n√∫mero de tel√©fono para que un Ejecutivo de cuenta se comunique con usted Banco Ciudad.,2022-05-30 14:33:51,es,,0.0,0.0,@danielainf,Banco Ciudad üá¶üá∑,Atenci√≥n al cliente Cont√°ctanos por est√© medio para ayudarte con tu inconveniente.,207.0,0.0,105.0,3.0,0.0,False,,,@HBciudad_chat
@RoGarciaPed Hola buenos d√≠as Cont√°ctanos por est√© medio para ayudarte con tu inconveniente D√©janos t√∫ n√∫mero de tel√©fono para que un Ejecutivo de cuenta se comunique con usted Banco Ciudad.,2022-05-30 14:33:14,es,,0.0,0.0,@RoGarciaPed,Banco Ciudad üá¶üá∑,Atenci√≥n al cliente Cont√°ctanos por est√© medio para ayudarte con tu inconveniente.,207.0,0.0,105.0,3.0,0.0,False,,,@HBciudad_chat
"@pidoelsilencio Banco provincia tenes 10% todos los amrtes, 30% una vez por mes. Banco ciudad (con modo) tenes 20% en cualquier compra (1500p de tope)",2022-05-30 14:17:33,es,,0.0,0.0,@pidoelsilencio,Miguel,,1939.0,788.0,319.0,79.0,3.0,False,,,@Nek0sit0
@ansesgob  como validar la fe de vida de una persona de 92 a√±os. Cual es el tramite q se tiene q hacer q le depositen la jubilacion y pension en el.banco ciudad,2022-05-30 14:11:39,es,,0.0,0.0,@ansesgob,Ester M,Lic. en https://t.co/E5lledW8E6. trab. en estudio de comercio exterior,15605.0,2271.0,1233.0,99.0,2.0,False,,,@ester_d_m
@Gabi_2_0_0_6 buenos d√≠as Cont√°ctanos por est√© medio para ayudarte con tu inconveniente D√©janos t√∫ n√∫mero de tel√©fono para que un Ejecutivo de cuenta se comunique con usted Banco Ciudad.,2022-05-30 13:54:10,es,,0.0,0.0,@Gabi_2_0_0_6,Banco Ciudad üá¶üá∑,Atenci√≥n al cliente Cont√°ctanos por est√© medio para ayudarte con tu inconveniente.,207.0,0.0,105.0,3.0,0.0,False,,,@HBciudad_chat
@darcybebe buenos d√≠as Cont√°ctanos por est√© medio para ayudarte con tu inconveniente D√©janos t√∫ n√∫mero de tel√©fono para que un Ejecutivo de cuenta se comunique con usted Banco Ciudad.,2022-05-30 13:53:38,es,,0.0,0.0,@darcybebe,Banco Ciudad üá¶üá∑,Atenci√≥n al cliente Cont√°ctanos por est√© medio para ayudarte con tu inconveniente.,207.0,0.0,105.0,3.0,0.0,False,,,@HBciudad_chat
@LindaHe19687617 buenos d√≠as Cont√°ctanos por est√© medio para ayudarte con tu inconveniente D√©janos t√∫ n√∫mero de tel√©fono para que un Ejecutivo de cuenta se comunique con usted Banco Ciudad.,2022-05-30 13:53:29,es,,0.0,0.0,@LindaHe19687617,Banco Ciudad üá¶üá∑,Atenci√≥n al cliente Cont√°ctanos por est√© medio para ayudarte con tu inconveniente.,207.0,0.0,105.0,3.0,0.0,False,,,@HBciudad_chat
@irmanas54619845 buenos d√≠as Cont√°ctanos por est√© medio para ayudarte con tu inconveniente D√©janos t√∫ n√∫mero de tel√©fono para que un Ejecutivo de cuenta se comunique con usted Banco Ciudad.,2022-05-30 13:53:22,es,,0.0,0.0,@irmanas54619845,Banco Ciudad üá¶üá∑,Atenci√≥n al cliente Cont√°ctanos por est√© medio para ayudarte con tu inconveniente.,207.0,0.0,105.0,3.0,0.0,False,,,@HBciudad_chat
@RacioppiShelli buenos d√≠as Cont√°ctanos por est√© medio para ayudarte con tu inconveniente D√©janos t√∫ n√∫mero de tel√©fono para que un Ejecutivo de cuenta se comunique con usted Banco Ciudad.,2022-05-30 13:53:11,es,,0.0,0.0,@RacioppiShelli,Banco Ciudad üá¶üá∑,Atenci√≥n al cliente Cont√°ctanos por est√© medio para ayudarte con tu inconveniente.,207.0,0.0,105.0,3.0,0.0,False,,,@HBciudad_chat
@EdmundoDantes_ buenos d√≠as Cont√°ctanos por est√© medio para ayudarte con tu inconveniente D√©janos t√∫ n√∫mero de tel√©fono para que un Ejecutivo de cuenta se comunique con usted Banco Ciudad.,2022-05-30 13:53:01,es,,0.0,0.0,@EdmundoDantes_,Banco Ciudad üá¶üá∑,Atenci√≥n al cliente Cont√°ctanos por est√© medio para ayudarte con tu inconveniente.,207.0,0.0,105.0,3.0,0.0,False,,,@HBciudad_chat
@SashaMi25134288 buenos d√≠as Cont√°ctanos por est√© medio para ayudarte con tu inconveniente D√©janos t√∫ n√∫mero de tel√©fono para que un Ejecutivo de cuenta se comunique con usted Banco Ciudad.,2022-05-30 13:52:54,es,,0.0,0.0,@SashaMi25134288,Banco Ciudad üá¶üá∑,Atenci√≥n al cliente Cont√°ctanos por est√© medio para ayudarte con tu inconveniente.,207.0,0.0,105.0,3.0,0.0,False,,,@HBciudad_chat
@MaestroDeGrado buenos d√≠as Cont√°ctanos por est√© medio para ayudarte con tu inconveniente D√©janos t√∫ n√∫mero de tel√©fono para que un Ejecutivo de cuenta se comunique con usted Banco Ciudad.,2022-05-30 13:51:56,es,,0.0,0.0,@MaestroDeGrado,Banco Ciudad üá¶üá∑,Atenci√≥n al cliente Cont√°ctanos por est√© medio para ayudarte con tu inconveniente.,207.0,0.0,105.0,3.0,0.0,False,,,@HBciudad_chat
@delosdeantes_ buenos d√≠as Cont√°ctanos por est√© medio para ayudarte con tu inconveniente D√©janos t√∫ n√∫mero de tel√©fono para que un Ejecutivo de cuenta se comunique con usted Banco Ciudad.,2022-05-30 13:50:54,es,,0.0,0.0,@delosdeantes_,Banco Ciudad üá¶üá∑,Atenci√≥n al cliente Cont√°ctanos por est√© medio para ayudarte con tu inconveniente.,207.0,0.0,105.0,3.0,0.0,False,,,@HBciudad_chat
@delosdeantes_ buenos d√≠as Cont√°ctanos por est√© medio para ayudarte con tu inconveniente D√©janos t√∫ n√∫mero de tel√©fono para que un Ejecutivo de cuenta se comunique con usted Banco Ciudad.,2022-05-30 13:50:28,es,,0.0,0.0,@delosdeantes_,Banco Ciudad üá¶üá∑,Atenci√≥n al cliente Cont√°ctanos por est√© medio para ayudarte con tu inconveniente.,207.0,0.0,105.0,3.0,0.0,False,,,@HBciudad_chat
@MaestroDeGrado buenos d√≠as Cont√°ctanos por est√© medio para ayudarte con tu inconveniente D√©janos t√∫ n√∫mero de tel√©fono para que un Ejecutivo de cuenta se comunique con usted Banco Ciudad.,2022-05-30 13:44:27,es,,0.0,0.0,@MaestroDeGrado,Banco Ciudad üá¶üá∑,Atenci√≥n al cliente Cont√°ctanos por est√© medio para ayudarte con tu inconveniente.,207.0,0.0,105.0,3.0,0.0,False,,,@HBciudad_chat
"@Rgonza711 @AmealJorgeAmor @ChichoCosentino No s√© si es el mismo vendedor ,pero hay quienes venden y se retiran y se devuelvenen  el banco Ciudad de microcentro",2022-05-30 12:13:10,es,,1.0,0.0,@Rgonza711,Fernando Legaz,"Bodegas del Norte 
distribuidora del plata.alimentos bebidas,para gastronomia C.A.B.J",5178.0,523.0,730.0,122.0,1.0,False,,,@flegaz
"@RebeldisimaC Si, en Banco Ciudad con una compra al mes con d√©bito autom√°ticamente est√° hecha.",2022-05-30 00:14:31,es,,1.0,0.0,@RebeldisimaC,Pao. Los animales NO son comida.,"M√°s cerca de los pa√±ales para adultos que de los tampones. Si se me analiza, soy una idiota. Si se me compara, soy una genia. Blues üíõ Kks lejos ü§ÆNo leo DM.",51253.0,17383.0,4929.0,3625.0,18.0,False,,,@TanaCaprichosa
"@Gustavo29601830 @C5N @marcoscittadini Ahora lo llevaremos al mundo real, tenes un kiosco, resulta que el de enfrente compra de los piratas de asfalto, te denuncian por tener personal no registrado y al de enfrente le dan cr√©ditos del banco ciudad y le regala mercader√≠a al intendente y la justicia te embargo la cuenta",2022-05-29 20:59:49,es,,0.0,0.0,@Gustavo29601830,Maria silvia tordoya,,11515.0,1554.0,14.0,16.0,0.0,False,,,@Mariasilviatord
"Como siempre los cajeros del BANCO CIUDAD SIN PLATA LOS FINES DE SEMANA!!!!!
Decime @horaciorlarreta que pasa q nunca hay suficiente dinero en los cajeros, SERIA BUENO Q DES EXPLICACIONES!!!!!
Algun palito amarillo o maceta nueva?
VERGONZOSA GESTION!!!!!!!!!!!!",2022-05-29 19:53:02,es,,0.0,0.0,,Tana,Ningun blindaje mediatico ocultara la verdad.  La educacion DEBE ser p√∫blica. Ense√±ar a tener un pensamiento critico y asi evitar la manipulaci√≥n patronal,21173.0,13133.0,722.0,539.0,0.0,False,,,@Tana47921856
@PatriMolinaR Gracias!!! Iba ir al Banco Ciudad. Ten√©s raz√≥n üíã,2022-05-29 18:44:47,es,,1.0,0.0,@PatriMolinaR,Pao. Los animales NO son comida.,"M√°s cerca de los pa√±ales para adultos que de los tampones. Si se me analiza, soy una idiota. Si se me compara, soy una genia. Blues üíõ Kks lejos ü§ÆNo leo DM.",51253.0,17383.0,4929.0,3625.0,18.0,False,,,@TanaCaprichosa
@malegimenez06 Hola buenas tardes  Cont√°ctanos por est√© medio para ayudarte con tu inconveniente D√©janos t√∫ n√∫mero de tel√©fono para que un Ejecutivo de cuenta se comunique con usted Banco Ciudad.,2022-05-29 18:32:44,es,,0.0,0.0,@malegimenez06,Banco Ciudad üá¶üá∑,Atenci√≥n al cliente Cont√°ctanos por est√© medio para ayudarte con tu inconveniente.,207.0,0.0,105.0,3.0,0.0,False,,,@HBciudad_chat
@LucianaDattilo Hola buenas tardes  Cont√°ctanos por est√© medio para ayudarte con tu inconveniente D√©janos t√∫ n√∫mero de tel√©fono para que un Ejecutivo de cuenta se comunique con usted Banco Ciudad.,2022-05-29 18:32:30,es,,0.0,0.0,@LucianaDattilo,Banco Ciudad üá¶üá∑,Atenci√≥n al cliente Cont√°ctanos por est√© medio para ayudarte con tu inconveniente.,207.0,0.0,105.0,3.0,0.0,False,,,@HBciudad_chat
@ddvega19642007 Hola buenas tardes  Cont√°ctanos por est√© medio para ayudarte con tu inconveniente D√©janos t√∫ n√∫mero de tel√©fono para que un Ejecutivo de cuenta se comunique con usted Banco Ciudad.,2022-05-29 18:32:19,es,,0.0,0.0,@ddvega19642007,Banco Ciudad üá¶üá∑,Atenci√≥n al cliente Cont√°ctanos por est√© medio para ayudarte con tu inconveniente.,207.0,0.0,105.0,3.0,0.0,False,,,@HBciudad_chat
@TotiBertotti Hola buenas tardes  Cont√°ctanos por est√© medio para ayudarte con tu inconveniente D√©janos t√∫ n√∫mero de tel√©fono para que un Ejecutivo de cuenta se comunique con usted Banco Ciudad.,2022-05-29 18:32:10,es,,0.0,0.0,@TotiBertotti,Banco Ciudad üá¶üá∑,Atenci√≥n al cliente Cont√°ctanos por est√© medio para ayudarte con tu inconveniente.,207.0,0.0,105.0,3.0,0.0,False,,,@HBciudad_chat
@Vickylolis Hola buenas tardes  Cont√°ctanos por est√© medio para ayudarte con tu inconveniente D√©janos t√∫ n√∫mero de tel√©fono para que un Ejecutivo de cuenta se comunique con usted Banco Ciudad.,2022-05-29 18:31:58,es,,0.0,0.0,@Vickylolis,Banco Ciudad üá¶üá∑,Atenci√≥n al cliente Cont√°ctanos por est√© medio para ayudarte con tu inconveniente.,207.0,0.0,105.0,3.0,0.0,False,,,@HBciudad_chat
@JoRamognino Hola buenas tardes  Cont√°ctanos por est√© medio para ayudarte con tu inconveniente D√©janos t√∫ n√∫mero de tel√©fono para que un Ejecutivo de cuenta se comunique con usted Banco Ciudad.,2022-05-29 18:31:48,es,,0.0,0.0,@JoRamognino,Banco Ciudad üá¶üá∑,Atenci√≥n al cliente Cont√°ctanos por est√© medio para ayudarte con tu inconveniente.,207.0,0.0,105.0,3.0,0.0,False,,,@HBciudad_chat
@Zeeb_b Hola buenas tardes  Cont√°ctanos por est√© medio para ayudarte con tu inconveniente D√©janos t√∫ n√∫mero de tel√©fono para que un Ejecutivo de cuenta se comunique con usted Banco Ciudad.,2022-05-29 18:31:02,es,,0.0,0.0,@Zeeb_b,Banco Ciudad üá¶üá∑,Atenci√≥n al cliente Cont√°ctanos por est√© medio para ayudarte con tu inconveniente.,207.0,0.0,105.0,3.0,0.0,False,,,@HBciudad_chat
@PajeroTierno Hola buenas tardes  Cont√°ctanos por est√© medio para ayudarte con tu inconveniente D√©janos t√∫ n√∫mero de tel√©fono para que un Ejecutivo de cuenta se comunique con usted Banco Ciudad.,2022-05-29 18:30:52,es,,0.0,0.0,@PajeroTierno,Banco Ciudad üá¶üá∑,Atenci√≥n al cliente Cont√°ctanos por est√© medio para ayudarte con tu inconveniente.,207.0,0.0,105.0,3.0,0.0,False,,,@HBciudad_chat
@OMARBROVIA Hola buenas tardes  Cont√°ctanos por est√© medio para ayudarte con tu inconveniente D√©janos t√∫ n√∫mero de tel√©fono para que un Ejecutivo de cuenta se comunique con usted Banco Ciudad.,2022-05-29 18:30:34,es,,0.0,0.0,@OMARBROVIA,Banco Ciudad üá¶üá∑,Atenci√≥n al cliente Cont√°ctanos por est√© medio para ayudarte con tu inconveniente.,207.0,0.0,105.0,3.0,0.0,False,,,@HBciudad_chat
@jofit_o Buenas tardes Sr Jos√© d√©janos x est√© medio t√∫ n√∫mero de tel√©fono para que un Ejecutivo de cuenta se comunique con usted Banco Ciudad.,2022-05-29 18:30:12,es,,0.0,0.0,@jofit_o,Banco Ciudad üá¶üá∑,Atenci√≥n al cliente Cont√°ctanos por est√© medio para ayudarte con tu inconveniente.,207.0,0.0,105.0,3.0,0.0,False,,,@HBciudad_chat
@jofit_o Hola buenas tardes  Cont√°ctanos por est√© medio para ayudarte con tu inconveniente D√©janos t√∫ n√∫mero de tel√©fono para que un Ejecutivo de cuenta se comunique con usted Banco Ciudad.,2022-05-29 18:28:59,es,,0.0,0.0,@jofit_o,Banco Ciudad üá¶üá∑,Atenci√≥n al cliente Cont√°ctanos por est√© medio para ayudarte con tu inconveniente.,207.0,0.0,105.0,3.0,0.0,False,,,@HBciudad_chat
@jofit_o estamos aguardando por su n√∫mero de tel√©fono para que un Ejecutivo de cuenta se comunique con usted Banco Ciudad.,2022-05-29 18:28:36,es,,0.0,0.0,@jofit_o,Banco Ciudad üá¶üá∑,Atenci√≥n al cliente Cont√°ctanos por est√© medio para ayudarte con tu inconveniente.,207.0,0.0,105.0,3.0,0.0,False,,,@HBciudad_chat
@jofit_o Hola buenas tardes  Cont√°ctanos por est√© medio para ayudarte con tu inconveniente D√©janos t√∫ n√∫mero de tel√©fono para que un Ejecutivo de cuenta se comunique con usted Banco Ciudad.,2022-05-29 18:28:17,es,,0.0,0.0,@jofit_o,Banco Ciudad üá¶üá∑,Atenci√≥n al cliente Cont√°ctanos por est√© medio para ayudarte con tu inconveniente.,207.0,0.0,105.0,3.0,0.0,False,,,@HBciudad_chat
RT @elmetodosanlore: Hablen dirigentes explique  como se subsiste sin sponsor durante un a√±o y medio .Que pas√≥ con el dinero del banco ciud‚Ä¶,2022-05-30 20:26:10,es,,0.0,16.0,,el zurdito,bien cuervo,68319.0,79411.0,458.0,496.0,1.0,False,,,@cuervooriana
RT @elmetodosanlore: Hablen dirigentes explique  como se subsiste sin sponsor durante un a√±o y medio .Que pas√≥ con el dinero del banco ciud‚Ä¶,2022-05-30 20:08:22,es,,0.0,16.0,,LaBolu2DeTuitter,"Una de tantas voces oficiales de los primeros 50 o 200 boludos, que ya son miles.
Los vamos a sacar, y ojal√° que sea por las buenas.",1841.0,2798.0,43.0,70.0,0.0,False,,,@LaBolu2Tw
RT @elmetodosanlore: Hablen dirigentes explique  como se subsiste sin sponsor durante un a√±o y medio .Que pas√≥ con el dinero del banco ciud‚Ä¶,2022-05-30 19:08:34,es,,0.0,16.0,,Famarce67,,14274.0,76094.0,113.0,159.0,1.0,False,,,@Famarce671
RT @elmetodosanlore: Hablen dirigentes explique  como se subsiste sin sponsor durante un a√±o y medio .Que pas√≥ con el dinero del banco ciud‚Ä¶,2022-05-30 19:03:23,es,,0.0,16.0,,Hector Navarro,socio vitalicio y refundador . luche y vuelve.,178205.0,53093.0,152.0,361.0,3.0,False,,,@CuervoNana
RT @elmetodosanlore: Hablen dirigentes explique  como se subsiste sin sponsor durante un a√±o y medio .Que pas√≥ con el dinero del banco ciud‚Ä¶,2022-05-30 18:36:14,es,,0.0,16.0,,Aguante tatuarse!,"Prefiero no planear poco o casi nada y que las cosas me sorprendan.Timido,inseguro.Con defectos y de encantos irresistibles. Me encanta tatuarme.",91720.0,92977.0,1445.0,434.0,20.0,False,,,@FerCiclon86
RT @elmetodosanlore: Hablen dirigentes explique  como se subsiste sin sponsor durante un a√±o y medio .Que pas√≥ con el dinero del banco ciud‚Ä¶,2022-05-30 18:33:34,es,,0.0,16.0,,NRoma,,43702.0,74797.0,5000.0,1724.0,4.0,False,,,@romario69
RT @elmetodosanlore: Hablen dirigentes explique  como se subsiste sin sponsor durante un a√±o y medio .Que pas√≥ con el dinero del banco ciud‚Ä¶,2022-05-30 18:11:04,es,,0.0,16.0,,Jorge Garcia,,68178.0,97020.0,2326.0,955.0,0.0,False,,,@Jordg77
RT @elmetodosanlore: Hablen dirigentes explique  como se subsiste sin sponsor durante un a√±o y medio .Que pas√≥ con el dinero del banco ciud‚Ä¶,2022-05-30 17:52:47,es,,0.0,16.0,,Facu SL,Cuervo.,16219.0,26587.0,204.0,177.0,1.0,False,,,@facuzavus_facu
RT @elmetodosanlore: Hablen dirigentes explique  como se subsiste sin sponsor durante un a√±o y medio .Que pas√≥ con el dinero del banco ciud‚Ä¶,2022-05-30 17:42:13,es,,0.0,16.0,,Campeon America2014 ‚úå‚úå‚úå,Hincha insoportablemente vivo-     con sangre Azulgrana-viviendo lejos Tan Lejos-Salando las Heridas-yendo Juntos a la Par-Tomando Mate en la Paz,101185.0,132275.0,2735.0,1288.0,5.0,False,,,@juandarioberdej
RT @elmetodosanlore: Hablen dirigentes explique  como se subsiste sin sponsor durante un a√±o y medio .Que pas√≥ con el dinero del banco ciud‚Ä¶,2022-05-30 17:35:18,es,,0.0,16.0,,Fry Cuervo,"Aguante DC. 
Ceo en @sociedadpodcast (?)
Cada tanto me sueltan la cadena en @elmetodosanlore
Gracias a Dios no soy la reserva moral de nada

Un d√≠a sal√≠ en PaP",10470.0,13272.0,228.0,172.0,0.0,False,,,@Lucas_bat1708
RT @elmetodosanlore: Hablen dirigentes explique  como se subsiste sin sponsor durante un a√±o y medio .Que pas√≥ con el dinero del banco ciud‚Ä¶,2022-05-30 17:35:01,es,,0.0,16.0,,Diego V.,Odio al futbol moderno. San Lore.,42511.0,74384.0,1340.0,850.0,15.0,False,,,@DS1674
RT @adalozzo: @mesch Me pas√≥ 3 o 4 veces esta semana. Con una imitaci√≥n del Banco Ciudad. Es incre√≠ble c√≥mo est√°n con las estafas. Tengan c‚Ä¶,2022-05-29 23:29:12,es,,0.0,1.0,,Damir,,384.0,310.0,34.0,4.0,1.0,False,,,@HctorMiranda
"RT @ElAguantePeron1: @wadodecorrido @INCaPMInterior AFIP REMATES Y SUBASTAS 
¬øPORQUE hay que ""tener cuenta"" con el  gorila ""BANCO CIUDAD"" p‚Ä¶",2022-05-29 19:18:10,es,,0.0,1.0,,Noe,"PROMUEVO y practico la SOLIDARIDAD. 

LA PATRIA ES EL OTRO
#QuedateEnCasa",15061.0,8589.0,1859.0,1693.0,1.0,False,,,@NoeBriggi
RT @elmetodosanlore: Hablen dirigentes explique  como se subsiste sin sponsor durante un a√±o y medio .Que pas√≥ con el dinero del banco ciud‚Ä¶,2022-05-30 21:58:48,es,,0.0,16.0,,Nicolas Doretti,,105574.0,103083.0,2609.0,1129.0,17.0,False,,,@NicolasDoretti
Nueva subasta de veh√≠culos usados en Banco Ciudad: conoc√© los precios base y c√≥mo participar https://t.co/og1mSJ1CxU https://t.co/tZjyRUDPxq,2022-05-30 21:56:06,es,,0.0,0.0,,iProfesional,Noticias y an√°lisis las 24 horas | Fb: https://t.co/Bk9FsXZuDO IG: https://t.co/ovkFE13x1I | Telegram: https://t.co/FO6tKWz3Ju,256630.0,521.0,868.0,81045.0,1105.0,True,,,@iProfesional
"RT @CPBCRAoficial: FUTBOL SENIORS

üìçSeniors ‚ÄúA‚Äù: Victoria como visitantes ante Banco Ciudad por 1-0 gracias al gol de E. Di Giacomo.

üìçSeni‚Ä¶",2022-05-30 21:56:02,es,,0.0,1.0,,Javi Peder,"Vice Presidente de la Asociaci√≥n Atl√©tica ARGENTINOS JUNIORS, el semillero del mundo. Integro equipos de trabajo, como veh√≠culo para transformar la realidad.",7528.0,9276.0,381.0,973.0,13.0,False,,,@javipeder
El Banco Ciudad realizar√° subastas on line de veh√≠culos usados https://t.co/bC1kdKTXkf,2022-05-31 10:43:19,es,,3.0,0.0,,Telefe Noticias,24 horas de noticias | @buentelefe a las 7.00 | @elnotidelagente a las 13.00 | @telefenoticias a las 20.00 | @staffdenoticias a la medianoche | #Periodismo,316466.0,2076.0,101.0,3008340.0,4039.0,True,,,@telefenoticias
Buen d√≠a a todos menos a los empleados del Banco Ciudad.,2022-05-31 09:55:34,es,,13.0,0.0,,CaptainAyub,"No se x q la sopa paraguaya es un bizcochuelo. Bilardista. 
Miembro de @EspacioRep",78823.0,136496.0,2320.0,4465.0,19.0,False,,,@PeresLerea
RT @elmetodosanlore: Hablen dirigentes explique  como se subsiste sin sponsor durante un a√±o y medio .Que pas√≥ con el dinero del banco ciud‚Ä¶,2022-05-31 05:54:20,es,,0.0,16.0,,EverythingReal üî• #R10‚ù§üíô,De Boedo a cualquier lugar üéµ Socio ‚öΩ Socio RefundadorüèÖ e hincha fan√°tico de San Lorenzo de Almagro ‚ô• üîßFierreroüöòüî© DeMiFlorBella‚ù§,119982.0,46872.0,626.0,827.0,6.0,False,,,@RodriiCuervo
RT @elmetodosanlore: Hablen dirigentes explique  como se subsiste sin sponsor durante un a√±o y medio .Que pas√≥ con el dinero del banco ciud‚Ä¶,2022-05-31 03:08:13,es,,0.0,16.0,,Ivan Rodriguez,Iv√°n!!!!,2612.0,13824.0,2145.0,236.0,0.0,False,,,@IvanRod28764199
RT @minutounocom: Rematan camionetas y autos a menos de la mitad de su precio: c√≥mo participar https://t.co/Tiol4yFCu6,2022-05-31 02:51:37,es,,0.0,3.0,,Tato üá¶üá∑,s√© ese tipo de persona que quieres ver en el mundo... ‚òÆ,108818.0,372907.0,969.0,2160.0,37.0,False,,,@tato_ars
RT @minutounocom: Rematan camionetas y autos a menos de la mitad de su precio: c√≥mo participar https://t.co/Tiol4yFCu6,2022-05-31 02:49:15,es,,0.0,3.0,,Alicia Araujo,,40536.0,16700.0,564.0,318.0,0.0,False,,,@AliciaA86495054
RT @minutounocom: Rematan camionetas y autos a menos de la mitad de su precio: c√≥mo participar https://t.co/Tiol4yFCu6,2022-05-31 02:35:13,es,,0.0,3.0,,Emmanuel Delvequio‚òÄÔ∏è,"River Mi pasion . Ultra K  Capricorniano . Pensante
#SeguimeYTeSigo
#GanarSeguidores
#SeguimeYTeSigoArgentina",44808.0,66068.0,2164.0,2080.0,7.0,False,,,@EMMADELVEQUIO
Rematan camionetas y autos a menos de la mitad de su precio: c√≥mo participar https://t.co/Tiol4yFCu6,2022-05-31 02:30:24,es,,1.0,3.0,,minutouno,"Cuenta oficial del portal de noticias #MinutoUno | Enterate y compartilo. 
https://t.co/WCgwdRTsk7
https://t.co/wDk31EDKOt
https://t.co/6BL1W1O6ll
https://t.co/GD4W1eNHJ9",332580.0,602.0,169.0,417239.0,1941.0,True,,,@minutounocom
#GrupoLaProvincia El Banco Ciudad realizar√° subastas on line de veh√≠culos usados Enterate ahora üëá https://t.co/UobCTn4RUq,2022-05-31 02:06:22,es,,0.0,0.0,,Grupo La Provincia,Multimedios: Portal de Noticias GLP | 18 A√±os | Declarados de inter√©s legislativo.,497312.0,2723.0,963.0,31985.0,186.0,False,,,@LaProvinciaBsAs
RT @LanzillottaOk: En CD de #SanLorenzo: se aprob√≥ la solicitud de un cr√©dito con el Banco Ciudad para mejorar la iluminaci√≥n del NG (condi‚Ä¶,2022-05-31 02:04:26,es,,0.0,8.0,,Cuervo.,Cuervo. Escorpiano. Masajista. Estudio medicina en la UBA.,6449.0,7992.0,24.0,52.0,0.0,False,,,@federaffaok
RT @elmetodosanlore: Hablen dirigentes explique  como se subsiste sin sponsor durante un a√±o y medio .Que pas√≥ con el dinero del banco ciud‚Ä¶,2022-05-31 01:47:04,es,,0.0,16.0,,Mono,Que carajo haces leyendo esto? No ves que tu opini√≥n me chupa los huevos,22119.0,76332.0,307.0,338.0,0.0,False,,,@Mono_Lanziano
iProfesional | Nueva subasta de veh√≠culos usados en Banco Ciudad: conoc√© los precios base y c√≥mo participar https://t.co/fvuL0vxF5l https://t.co/QQiqupD003,2022-05-30 23:14:41,es,,0.0,0.0,,Portal Diario,"Menos follows, m√°s noticias. Todos los diarios en una sola cuenta.",1801798.0,14.0,1.0,3551.0,74.0,False,,,@PortalDiarioAR
Nueva subasta de veh√≠culos usados en Banco Ciudad: conoc√© los precios base y c√≥mo participar https://t.co/c5ILzmOgme https://t.co/gaLl7ab9Kd,2022-05-30 23:02:07,es,,1.0,0.0,,iProfesional,Noticias y an√°lisis las 24 horas | Fb: https://t.co/Bk9FsXZuDO IG: https://t.co/ovkFE13x1I | Telegram: https://t.co/FO6tKWz3Ju,256630.0,521.0,868.0,81045.0,1105.0,True,,,@iProfesional
Subasta de veh√≠culos usados del Banco¬†Ciudad https://t.co/C8bUtvJgFj,2022-05-30 22:24:59,es,,0.0,0.0,,Actualidad Pol√≠tica,"Diario digital de la actualidad general del pa√≠s y el mundo. INSTAGRAM: https://t.co/URJJRcvvzh
""Actualidad Pol√≠tica TV"", domingo 15Hs x @CanalMetro",6734.0,133.0,637.0,400.0,3.0,False,,,@APoliticaok
El Banco Ciudad har√° tres subastas de veh√≠culos¬†usados https://t.co/rXL7c00RVN,2022-05-30 22:18:29,es,,0.0,0.0,,Mundo Pol√≠tico,"Mundo Pol√≠tico Diario, el sitio de las noticias pol√≠ticas.  Nacionales, Internacionales, Econom√≠a, Opini√≥n, Gremiales e informes especiales.",172483.0,137.0,54.0,617.0,5.0,False,,,@mundopoliticoar
"Subasta de veh√≠culos usados en Banco Ciudad : Utilitarios, el√©ctricos, furgones y¬†camionetas. https://t.co/mNyOTkJu1w",2022-05-31 12:42:15,es,,0.0,0.0,,Baires en Vivo,Todas las noticias destacadas en un s√≥lo lugar.,6590.0,29.0,218.0,49.0,1.0,False,,,@vivobaires
