Selected,Content,Date,Language,Location,Number of Likes,Number of Retweets,In Reply To,Author Name,Author Description,Author Statuses Count,Author Favourites Count,Author Friends Count,Author Followers Count,Author Listed Count,Author Verified,Longitude,Latitude,Author
No,@Edenor @FedericoAchaval NO ES MI NÃšMERO DE CUENTA ES TODO UN BARRIO SIN LUZ SOBRE LA RUTA 25. SE ENTIENDE?,2022-05-13 09:51:01,es,,0.0,0.0,@Edenor,Tana ğŸ’š,"Cuenta nÂº 12
Mis hijes me enseÃ±aron que..
#LaPatriaEsElOtro
Amor eterno!! âœŒï¸",20624.0,21398.0,3281.0,3346.0,3.0,False,,,@LocaViejay
No,"@Edenor @FedericoAchaval Sabes la cantidad de reclamos que hice? La ruta 25 desde en Country Boca RatÃ³n, hasta el BÂ°pv Haras, NO TIENE ILUMINACIÃ“N hace 1 aÃ±o y medio! que mÃ¡s detalles querÃ©s?
Estamos a OSCURAS, o con luces q ponemos entre los vecinos! Pero los countryes si tienen la ruta iluminada eh!",2022-05-13 09:18:24,es,,0.0,0.0,@Edenor,Tana ğŸ’š,"Cuenta nÂº 12
Mis hijes me enseÃ±aron que..
#LaPatriaEsElOtro
Amor eterno!! âœŒï¸",20624.0,21398.0,3281.0,3346.0,3.0,False,,,@LocaViejay
No,"Parada El Gallo #Pilar, tierra de nadie! Cumplimos 18 meses sin luz en la vÃ­a pÃºblica (Ruta 25)y... Las promesas no se cumplen, intendente!!! @Edenor @FedericoAchaval dejen de patearse la pelota y resuelvan este caos! DAN VERGÃœENZA!",2022-05-13 09:11:33,es,,0.0,0.0,,Tana ğŸ’š,"Cuenta nÂº 12
Mis hijes me enseÃ±aron que..
#LaPatriaEsElOtro
Amor eterno!! âœŒï¸",20624.0,21398.0,3281.0,3346.0,3.0,False,,,@LocaViejay
No,"Lado positivo que @Edenor me dejara si luz otra vez. 
La noche paranormal suena mejor #De20a24PopRadio @hectorlocutor https://t.co/HVvA4ZbBGu",2022-05-13 02:19:12,es,,1.0,0.0,,Alex Acosta,Loco humilde y real,134.0,87.0,71.0,3.0,0.0,False,,,@Alex_tgc35
No,@bibicamposarg @Edenor Y encima que la heladera no la tengo llena de polenta. ğŸ¤¬ğŸ¤¬ğŸ¤¬ğŸ¤¬,2022-05-13 00:59:47,es,,1.0,0.0,@bibicamposarg,Fernanda Cejas ğŸ‡ºğŸ‡¦,"Periodista, anti K de la primera hora y orgullosamente gorila. Gallina y â¤ï¸ en Ferro. SubÃ­ en un ascensor con Freddie Mercury.Hablo inglÃ©s mejor que Cafierito.",50505.0,59819.0,5109.0,6644.0,26.0,False,,,@fertchus
No,"@fertchus @Edenor Por favor QuÃ© bajÃ³n, peor imposible Uffffff",2022-05-13 00:58:10,es,,1.0,0.0,@fertchus,Marcela Campos,,66720.0,38855.0,754.0,411.0,4.0,False,,,@bibicamposarg
No,@bibicamposarg @Edenor VolviÃ³. Lo que no volviÃ³ es la heladera. Si no arranca les meto un juicio de la puta que los pariÃ³.,2022-05-13 00:36:23,es,,0.0,0.0,@bibicamposarg,Fernanda Cejas ğŸ‡ºğŸ‡¦,"Periodista, anti K de la primera hora y orgullosamente gorila. Gallina y â¤ï¸ en Ferro. SubÃ­ en un ascensor con Freddie Mercury.Hablo inglÃ©s mejor que Cafierito.",50505.0,59819.0,5109.0,6644.0,26.0,False,,,@fertchus
No,"@Edenor @Se_Corto @Cortes_en_BsAs DespuÃ©s de 24hs sin luz, hoy a las 20 hs ya arreglaron el servicio de luz. Gracias.",2022-05-13 00:05:45,es,,0.0,0.0,@Edenor,Andrea,"NacÃ­ en Bs. As. una tarde lluviosa de Mayo.
Amo la mÃºsica, sacar fotografÃ­as y leer-",276.0,2021.0,75.0,106.0,1.0,False,,,@maranv22
No,@fertchus @Edenor Que vuelva pronto !!!! ğŸ¤—ğŸ™,2022-05-12 23:51:13,es,,1.0,0.0,@fertchus,Marcela Campos,,66720.0,38855.0,754.0,411.0,4.0,False,,,@bibicamposarg
No,"EstÃ¡s sin luz y los inÃºtiles de @Edenor te piden que marquÃ©s los nÃºmeros de cliente, DNI y el nÃºmero de corpiÃ±o de Florencia PeÃ±a. Por quÃ© no se van a recontra cagar?",2022-05-12 23:48:55,es,,5.0,2.0,,Fernanda Cejas ğŸ‡ºğŸ‡¦,"Periodista, anti K de la primera hora y orgullosamente gorila. Gallina y â¤ï¸ en Ferro. SubÃ­ en un ascensor con Freddie Mercury.Hablo inglÃ©s mejor que Cafierito.",50505.0,59819.0,5109.0,6644.0,26.0,False,,,@fertchus
No,"Edenor, este gobierno de mierda y la puta que los pariÃ³. Sin luz y juntando agua como en Biafra. @Edenor",2022-05-12 23:38:49,es,,1.0,1.0,,Fernanda Cejas ğŸ‡ºğŸ‡¦,"Periodista, anti K de la primera hora y orgullosamente gorila. Gallina y â¤ï¸ en Ferro. SubÃ­ en un ascensor con Freddie Mercury.Hablo inglÃ©s mejor que Cafierito.",50505.0,59819.0,5109.0,6644.0,26.0,False,,,@fertchus
No,"@Edenor @sirvoodoo Hola Enzo, necesitamos jugar al wordle asi que metele mecha",2022-05-12 23:13:17,es,,0.0,0.0,@Edenor,El hincha de Campa,,3688.0,2338.0,122.0,99.0,1.0,False,,,@dmiche2000
No,Arreglame la baja tension @Edenor,2022-05-12 23:03:36,es,,2.0,1.0,,Mr. Voodoo,"Siempre estoy a punto de pegarla pero no.  

#SanLorenzo #SaintsFC #IronMaiden y #viajes manejo @SaintsArg  

Instagram: 
https://t.co/EUcvbgApSq",48324.0,17937.0,2507.0,1698.0,0.0,False,,,@sirvoodoo
No,@RadioCutFm @radioconvos899 Dejen de robar. Hay q sacarles las conseciÃ³n para tener un buen servicio. @Edenor y @OficialEdesur  son las peores empresas q hay .,2022-05-12 22:31:32,es,,0.0,0.0,@RadioCutFm,Mariana,,107116.0,97391.0,2183.0,2363.0,36.0,False,,,@semarian
No,"Vamos adivinar a quien @Edenor le volviÃ³ a cortar la luz.
El Ãºnico en la cuadra. #edenorbasura https://t.co/UdvI5tUGbR",2022-05-12 21:53:57,es,,1.0,0.0,,Alex Acosta,Loco humilde y real,134.0,87.0,71.0,3.0,0.0,False,,,@Alex_tgc35
No,@Edenor Quiero agradecer la excelente atenciÃ³n de la empresa por mi reclamo que fue impecablemente arreglado en esta misma tarde ğŸ‘ğŸ‘ğŸ‘ğŸ‘,2022-05-12 21:08:35,es,,0.0,0.0,@Edenor,Silvina Maria,,24535.0,29817.0,2229.0,775.0,0.0,False,,,@tweetSilvi
No,@Edenor Enviado,2022-05-12 20:26:12,es,AR,0.0,0.0,@Edenor,Silvina LG,"Consultoria de Mejora Continua e InnovaciÃ³n 
Defensora de la Reserva Natural de Ciudad Evita",411.0,425.0,92.0,101.0,2.0,False,,,@SilLopezGan
No,@Edenor No tengo ninguna respuesta @Edenor Juliana N,2022-05-12 20:21:53,es,AR,0.0,0.0,@Edenor,Silvina LG,"Consultoria de Mejora Continua e InnovaciÃ³n 
Defensora de la Reserva Natural de Ciudad Evita",411.0,425.0,92.0,101.0,2.0,False,,,@SilLopezGan
No,"@edenor 5 hs de espera reclamo 33740. Cta 0594972535 Cambiaron el cableado de los postes, y los conectaron mal! mandaron 220v al positivo y al neutro, en la casa entra 440v se quemo todo lo q estaba conectado y si no estaba en mi domicilio, se me incendiaba todo",2022-05-12 19:46:53,es,,0.0,0.0,@Edenor,Silvina LG,"Consultoria de Mejora Continua e InnovaciÃ³n 
Defensora de la Reserva Natural de Ciudad Evita",411.0,425.0,92.0,101.0,2.0,False,,,@SilLopezGan
No,@Edenor Estoy contestando,2022-05-12 19:30:00,es,,0.0,0.0,@Edenor,Caro Lina,Handball â¤ğŸ’—,188.0,217.0,219.0,20.0,0.0,False,,,@caroloza33
No,@Edenor ya se m quemaron varios electrodomÃ©sticos. Estoy de ayer de las 14 hs. Y no hay repuestas. Que tengo q ir al servicio del consumidor. ???? O denunciar,2022-05-12 19:12:23,es,,0.0,0.0,@caroloza33,Caro Lina,Handball â¤ğŸ’—,188.0,217.0,219.0,20.0,0.0,False,,,@caroloza33
No,@Edenor hola. Buenas tardes. Quisiera q vengan a arreglar estoy con baja tensiÃ³n dicen q son las fases. Se m va a quemar todo. Y no m dan solcucion,2022-05-12 19:10:27,es,,0.0,0.0,@Edenor,Caro Lina,Handball â¤ğŸ’—,188.0,217.0,219.0,20.0,0.0,False,,,@caroloza33
No,"Multa impagable  deberÃ­an tener, usan calderas para la pileta, para los pisos, luz en el jardÃ­n las 24 hs, todos los electrodomÃ©sticos, aires acondicionado,  etc , no es lo mismo la villa que tienen 2 lamparitas y garrafa. 
@Edenor @OficialEdesur continÃºan sus inspecciones ?",2022-05-12 18:52:57,es,,0.0,0.0,@mariameraquino,Mecha ğŸ‡¦ğŸ‡·,Peronista y Argentina con orgullo,22064.0,46323.0,1044.0,374.0,0.0,False,,,@mariameraquino
No,"@Edenor tuve que suspender 3 clases virtuales porque desde anoche estamos sin luz.
Me las van a pagar ustedes? O me lo descuentan de la factura de este mes?
Ni por telefono aparecen.
Ya hicimos 3 veces el reclamo.
Necesito soluciones!!!!",2022-05-12 17:54:38,es,,0.0,0.0,@Edenor,Independientizada â™•,"Â¡Yo soy mis sueÃ±os! Â¿Y vos? ğŸ¶ğŸ‘‘
Futura KinesiÃ³loga. FanÃ¡tica de Independiente âš½",289.0,4750.0,122.0,86.0,1.0,False,,,@TammyMaciel
No,@Edenor Por favor necesito vengan a mi domicilio por los medidores que estan deteriorados y un abierto y va a entrar agua cuando llueva,2022-05-12 16:25:07,es,,0.0,0.0,@Edenor,Silvina Maria,,24535.0,29817.0,2229.0,775.0,0.0,False,,,@tweetSilvi
No,@Edenor Sus autos estacionados en estaciÃ³n de bus @PoliciaPBA https://t.co/FaiY6JgQx1,2022-05-12 15:55:46,es,,0.0,0.0,@Edenor,Markviajero,,9362.0,12072.0,140.0,64.0,0.0,False,,,@markviajero
No,"@Edenor no puedo utilizar la app xq se me exploto la baterÃ­a del celular, qro ingresar x la pc, y no puedo. Pido ayuda x md y como no puedo entrar me contesta perfecto?
q onda?",2022-05-12 15:37:23,es,,0.0,0.0,@Edenor,rag suchecki ğŸ’œğŸ’šğŸ’›ğŸŒˆğŸ’ªâœŒ,"#Rugby #Punk #F1 #Marvel I have MY own opinion. If you don't agree, it's not my problem Instagram: @yankaite",43513.0,36980.0,289.0,603.0,17.0,False,,,@justabitof_fun
No,@Edenor Estamos #SinLuz hice el reclamo NÂ° 31798 y lo cerraron sin reparar los cables. Nuevo reclamo NÂ°33500. Necesito pronta soluciÃ³n. @Se_Corto @Cortes_en_BsAs,2022-05-12 15:23:32,es,,0.0,0.0,@Edenor,Andrea,"NacÃ­ en Bs. As. una tarde lluviosa de Mayo.
Amo la mÃºsica, sacar fotografÃ­as y leer-",276.0,2021.0,75.0,106.0,1.0,False,,,@maranv22
No,@Edenor OTRA VEZ SIN LUZ!!! NO SE PUEDE TRABAJAR ASÃ,2022-05-12 14:19:15,es,,0.0,0.0,@Edenor,Athi Braessas,Lic. RR HH ğŸ‘©ğŸ»â€ğŸ“,25878.0,10940.0,217.0,454.0,2.0,False,,,@AthiBraessas
No,@Edenor Hola @Edenor  me llegan mails a una casilla de correo que no utilizo. En la letra chica me piden q me comunique con uds pero no hay # de telÃ©fono al cual llamar!! Como elimino esa casilla?? Gracias,2022-05-12 12:53:50,es,,0.0,0.0,@Edenor,Andrea Chimeno,,721.0,369.0,107.0,51.0,1.0,False,,,@AndiChimeno
No,"@Edenor que son esos 610 pesos que me cobras por ""otros productos/servicios""???? Es mas del 40% de la factura!",2022-05-12 12:43:58,es,,0.0,0.0,@Edenor,Juan Manuel Soto,"C.A.R.P. â™¥ï¸

âœŒğŸ»",2363.0,28438.0,301.0,66.0,0.0,False,,,@sotojuan87
No,"@Edenor decidiÃ³ hace un mes iniciar un arreglo que dejaron roto por un mes sin venir ni un dÃ­a a trabajar y deciden volver a arreglar un jueves 7am con el taladro, un mes sin caminar por la vereda para que me vengas a despertar 7am con tu taladro ğŸ¤¬@dzapatillas",2022-05-12 11:15:55,es,,0.0,0.0,@Edenor,Mechi Sortino,"Vivir con fuerza, locura y libertad!",19305.0,3557.0,210.0,111.0,0.0,False,,,@MechiSortino
No,@Edenor hace hs estamos sin luz en moron y no hay manera de contactarlos,2022-05-12 10:31:28,es,,0.0,0.0,@Edenor,Clari Kocar,,16090.0,10883.0,433.0,376.0,2.0,False,,,@clarikocar
No,@Edenor Listo,2022-05-12 04:51:36,es,,0.0,0.0,@Edenor,Anabel Prat,,493.0,1201.0,230.0,46.0,0.0,False,,,@aniprat
No,"@Edenor Dale, espero rta! ğŸ‘Œ",2022-05-12 04:49:01,es,,0.0,0.0,@Edenor,Anabel Prat,,493.0,1201.0,230.0,46.0,0.0,False,,,@aniprat
No,"@Edenor buenas noches. SIN LUZ zona oeste de Bs As, Moron! Que pasoooo???? Ni las luces de la calle. ğŸ˜",2022-05-12 04:41:52,es,,0.0,0.0,@Edenor,Anabel Prat,,493.0,1201.0,230.0,46.0,0.0,False,,,@aniprat
No,"Revisando factura  en ellas figura NÂ°cuil del clientes , hay me explico cÃ³mo los chorros consiguen nuestro datos haciendo se pasar por cartero y cometer entradera. @Edenor",2022-05-12 03:21:53,es,,1.0,1.0,,majito ğŸ‡µğŸ‡¾ğŸ’ğŸ‡¦ğŸ‡·,"Nunca te desanimes en el camino a la meta, recuerda que todo en la vida se trata de superar obstÃ¡culos.",1000.0,2698.0,234.0,75.0,0.0,False,,,@majito602
No,@Edenor no lo recibÃ­,2022-05-12 03:18:50,es,,0.0,0.0,@Edenor,AnalÃ­a Castro,Madre y apasionada profesional del turismo y la educaciÃ³n.,1036.0,3937.0,214.0,97.0,3.0,False,,,@CastroAnalia
No,"@Edenor Revisando factura me di cuenta que en ellas figura NÂ°cuil de los clientes , hay me explico cÃ³mo los chorros consiguen nuestro datos haciÃ©ndose de ellos p delinquir.",2022-05-12 03:15:57,es,,0.0,0.0,@Edenor,majito ğŸ‡µğŸ‡¾ğŸ’ğŸ‡¦ğŸ‡·,"Nunca te desanimes en el camino a la meta, recuerda que todo en la vida se trata de superar obstÃ¡culos.",1000.0,2698.0,234.0,75.0,0.0,False,,,@majito602
No,@Edenor  HOLA DEJENME DE CORTARME LA LUZ JUSTO A ESTA HORA?Â¿?Â¡,2022-05-12 00:56:30,es,,0.0,0.0,@Edenor,bruno,quiero tener otro mundo en twitter. SELENA GOMEZâ¤,15005.0,3640.0,632.0,507.0,0.0,False,,,@AlecBruno00
No,"@Edenor Que estas haciendo en Merlo,nos quieren quemar lo poco que tenemos! Son un desastre!!! A c/rato corte de luz. Solucionen ya el problema mi mamÃ¡ es electrodependiente!",2022-05-12 00:39:09,es,,0.0,0.0,@Edenor,Si soy yoâ¤,"Buena persona,lo fundamental.",128.0,5281.0,136.0,8.0,0.0,False,,,@Miruli
No,"Bueno evidentemente @Edenor sigue en la misma de cortar la luz un minuto y mandarla, cortar y mandar. AsÃ­ tres dÃ­as seguidos. Tengo la computadora prendida por el laburo y pum se apaga de golpe porque cortan. RE - PO- DRI-DA me tienen loco.",2022-05-12 00:20:04,es,,1.0,1.0,,DÃ©borah GonzÃ¡lez,TÃ©cnica en Periodismo - Com. Social (UNLaM).Redactora quemera. Escribo para @DiarioNCOok y para @elparlamentario. Hice producciÃ³n en AM840 y CurvÃ³n Radio.,11035.0,32443.0,1161.0,437.0,0.0,False,,,@deborah_nohe22
No,Otra vez @Edenor. Otra vez cortes a la noche sin aviso previo. Otra vez refiriendo cuadrillas q no estÃ¡n en el lugar y no lo resuelven.,2022-05-11 23:33:00,es,,0.0,0.0,,marcia Gimenez,Lic. en Psicologia,12.0,3.0,37.0,7.0,0.0,False,,,@8a389d3b916a450
No,NECESITO LA RESTITUCIÃ“N DE LOS RECLAMOS POR CORTES TOTAL DE LA LUZ DE LA CALLE 68134.83790Y31325 @DNDConsumidor @Edenor @MunicipioMoreno,2022-05-11 21:30:19,es,,0.0,0.0,,Fabian Telle,,24597.0,883.0,2192.0,1881.0,1.0,False,,,@fantebi
No,"@Edenor tengo debito automatico hace mÃ¡s de 20 aÃ±os. La factura de abril no se debito segun Uds x falta de fondos. La empleada q me atendiÃ³ hoy a las 17:00 (Valentina) me dice q tengo q hablar con el banco para poder activarlo nuevamente. Hablo con el.banco, siempre hubo fondos",2022-05-11 21:08:40,es,,0.0,0.0,@Edenor,AnalÃ­a Castro,Madre y apasionada profesional del turismo y la educaciÃ³n.,1036.0,3937.0,214.0,97.0,3.0,False,,,@CastroAnalia
No,"Es verdad.
@YPFoficial @Edenor @Economia_Ar @Energia_Ar https://t.co/L4b0MBGlbG",2022-05-11 20:57:48,es,,0.0,1.0,,Okupa FernÃ¡ndez de Kirchner,Que me pongan una banda y me den el bastÃ³n no significa que yo tenga el poder.,21882.0,36115.0,912.0,704.0,3.0,False,,,@okupaymeketrefe
No,@fantebi @Edenor @MunicipioMoreno Â¡Hola! HacÃ© tu reclamo acÃ¡â†’ https://t.co/bbdo30M0Am y envianos por mensaje privado el nÃºmero de reclamo y dni por favor.,2022-05-11 20:55:55,es,,0.0,0.0,@fantebi,Defensa de las y los consumidores,Defensa de las y los consumidores de la RepÃºblica Argentina. HacÃ© tu reclamo acÃ¡ â†’ https://t.co/XtB03wGDhh,96973.0,360.0,47.0,150666.0,201.0,True,,,@DNDConsumidor
No,@fantebi @Edenor Â¡Hola! PodÃ©s hacer tu reclamo acÃ¡â†’ https://t.co/bbdo30M0Am,2022-05-11 20:55:06,es,,0.0,0.0,@fantebi,Defensa de las y los consumidores,Defensa de las y los consumidores de la RepÃºblica Argentina. HacÃ© tu reclamo acÃ¡ â†’ https://t.co/XtB03wGDhh,96973.0,360.0,47.0,150666.0,201.0,True,,,@DNDConsumidor
No,Nueva directora de Comunicaciones y Relaciones Institucionales de @Edenor: @LucilaMaldonado https://t.co/3s5yd7jH2S,2022-05-11 20:30:23,es,,0.0,0.0,,Asteriscos,"Todas las noticias, en la web. Alertas, datos claves y anÃ¡lisis sobre la Argentina y el mundo. Dos dÃ©cadas de pura informaciÃ³n. Director: @JoseCalero",30963.0,319.0,1179.0,1351.0,37.0,False,,,@AsteriscosTv
No,NECESITO LA RESTITUCIÃ“N DE LOS RECLAMOS POR CORTES TOTAL DE LA LUZ DE LA CALLE 68134.83790Y31325 @DNDConsumidor @Edenor,2022-05-11 20:11:55,es,,0.0,0.0,,Fabian Telle,,24597.0,883.0,2192.0,1881.0,1.0,False,,,@fantebi
No,"Reclamo que se debata el proyecto de ley que presentÃ© para transferir las prestatarias de agua y energÃ­a en AMBA: @AySA_Oficial @Edenor y @OficialEdesur para poner fin a la inequidad con la que se asignan los recursos 
https://t.co/MeEskDhrIe",2022-05-11 20:10:35,es,,24.0,3.0,@alevigo,Alejandra Vigo,Senadora Nacional por la Provincia de CÃ³rdoba.,2003.0,483.0,441.0,11847.0,72.0,False,,,@alevigo
No,LRPMQLP A @Edenor OTRA VEZ CORTE DE LUZ PACIENTE CON ELECTRODEPENDIENTE @DNDConsumidor @MunicipioMoreno,2022-05-11 19:52:20,es,,0.0,1.0,,Fabian Telle,,24597.0,883.0,2192.0,1881.0,1.0,False,,,@fantebi
No,"Sentime @Edenor, YPF aumentÃ³ mÃ¡s que vos?
Te recuerdo el #TUGO grandote que te estÃ¡ cagando, hacete cargo y a llorar a LujÃ¡n!!!
https://t.co/w1AXcvWHYV",2022-05-11 19:47:17,es,,1.0,0.0,,MartÃ­n Otero,Amante de la empanada de carne,29816.0,11.0,258.0,693.0,10.0,False,,,@martiniotero
No,@Edenor que pasÃ³ con el servicio?! Ya van 2 hs sin suministro #Edenor,2022-05-11 19:43:24,es,,0.0,0.0,@Edenor,Cristian Razzero,"Hola que tal, como estÃ¡s?...Te maquillas como con barro",10690.0,24897.0,948.0,175.0,0.0,False,,,@razzerobas
No,"@natymartins @PaulaBertol @Edenor Por diooss que peligro, mira si te enredas en la cinta de peligro...
Te podÃ©s matar",2022-05-11 18:59:35,es,,0.0,0.0,@natymartins,MatÃ­as ArzÃ¡lluz,Abogado - Asesor parlamentario - Director Ejecutivo del IADS - Consultor free lance - Productor de almendras,5242.0,7897.0,1513.0,345.0,5.0,False,,,@MatiasArzalluz
No,@Edenor en Virreyes estamos sin luz. Hasta cuÃ¡ndo?,2022-05-11 18:38:43,es,,0.0,0.0,@Edenor,Niayeco,,2.0,0.0,0.0,0.0,0.0,False,,,@Niayeco10
No,"@natymartins @Edenor Estimada, esa es ""la norma"", hasta que no haya sangre nadie se da por enterado ni se hace cargo. Calidad de la responsabilidad de nuestra famosa mano de obra: ""lo atamo con alambre lo atamo""",2022-05-11 18:16:25,es,,0.0,0.0,@natymartins,Jose Luis,"Ing. Agr. UNR, CREA, MF, INTA,  UW-Madison, UBA-CONICET, Canaya, 
Fana incondicional de @sole_pastorutti. Siempre apoyare todos y cualquiera de sus sueÃ±os.",14334.0,11485.0,477.0,155.0,0.0,False,,,@PepeeluiD
No,@natymartins @gaby_c2705 @Edenor ğŸ™„ğŸ™„ğŸ™„,2022-05-11 18:09:26,und,,1.0,0.0,@natymartins,Raul Miranda,mecanico de avion,955.0,1602.0,398.0,110.0,0.0,False,,,@RaulMir13145252
No,@natymartins @Municipalidad3F @Edenor Ya lo hicimos!,2022-05-11 16:31:15,es,,1.0,0.0,@natymartins,Diego Valenzuela,Periodista e historiador. BiÃ³grafo de Belgrano y Sarmiento. Intendente de @municipalidad3f. Bonaerense del Conurbano. Un ciudadano en la polÃ­tica.,35664.0,8122.0,1712.0,44691.0,252.0,False,,,@dievalen
No,hola @Edenor hace casi 10 dias que este poste que les corresponde a uds. estÃ¡ asi y nadie se hace cargo. Hicimos el reclamo mil veces (ultimo numero #1451434). Lo van a venir a sacar o esperamos que mate a alguno? https://t.co/DFiCrnvyo1,2022-05-11 16:22:38,es,,12.0,14.0,,Naty Martins Â® âš¡ï¸,"Abogada | ComunicaciÃ³n y prensa | Social media manager y marketing digital.
Vivo en la ciudad pero nacÃ­ en el mar. 
MÃºsica, polÃ­tica y teatro.",59660.0,34808.0,1042.0,1942.0,14.0,False,,,@natymartins
No,@dievalen @Municipalidad3F Gracias! Si pueden reiterar el pedido a @Edenor quizÃ¡ a uds. les responden mÃ¡s que a nosotros que ya reclamamos varias veces.,2022-05-11 16:17:50,es,,1.0,3.0,@dievalen,Naty Martins Â® âš¡ï¸,"Abogada | ComunicaciÃ³n y prensa | Social media manager y marketing digital.
Vivo en la ciudad pero nacÃ­ en el mar. 
MÃºsica, polÃ­tica y teatro.",59660.0,34808.0,1042.0,1942.0,14.0,False,,,@natymartins
No,@Edenor Necesito que me devuelvan mÃ­ cuenta de Edenor digital,2022-05-11 16:13:08,es,,0.0,0.0,@Edenor,Ana marcela bellotti,"Mama, esposa, hija, amante de la musica, del CKD y del mar.....",4334.0,3397.0,331.0,83.0,1.0,False,,,@MarcelaBellotti
No,@Edenor cuenta 3436721929 y tres mÃ¡s .... El mail que figura hace 10 aÃ±os estÃ¡ dado de baja . Las notificaciones me llegan al mÃ­o bellotti.anamarcela@yahoo.com porque lo cambiaron ? Es algÃºn tipo de estafa ??? No estÃ¡n trabajando bien,2022-05-11 14:42:28,es,,0.0,0.0,@Edenor,Ana marcela bellotti,"Mama, esposa, hija, amante de la musica, del CKD y del mar.....",4334.0,3397.0,331.0,83.0,1.0,False,,,@MarcelaBellotti
No,"@Edenor ya pasaron 72 hs . No me deja entrar a abonar las facturas pendientes de pago .
Hace aÃ±os que utilizo este sistema . Hoy sin falta lo quiero restablecido ! https://t.co/LahQb44TwU",2022-05-11 14:40:28,es,,0.0,0.0,@Edenor,Ana marcela bellotti,"Mama, esposa, hija, amante de la musica, del CKD y del mar.....",4334.0,3397.0,331.0,83.0,1.0,False,,,@MarcelaBellotti
No,"@Edenor cliente 5808802963 sin sumidero. Favor informar tiempo de reconexiÃ³n.
Gracias.",2022-05-11 14:09:54,es,,0.0,0.0,@Edenor,@liliand,,182.0,106.0,72.0,33.0,0.0,False,,,@liliand4
No,"Es impresionante la capacitaciÃ³n de @Edenor de cortarte la luz en los momentos que al otro dÃ­a tenÃ©s parcial en la facultad.
""Disculpe seÃ±or es un corte programado"" te dicen. 
Bueno. Entonces, yo voy a inventar el no pago de mes programado.
#edenordemierda",2022-05-11 13:22:30,es,,0.0,0.0,,Alex Acosta,Loco humilde y real,134.0,87.0,71.0,3.0,0.0,False,,,@Alex_tgc35
No,"Apud considerÃ³ que los aumentos de las tarifas de energÃ­a ""no van a cerrar para ningÃºn lado""    https://t.co/sztyXXQfZi @Energia_Ar @cnnradioarg @Martin_M_Guzman @Edenor @OficialEdesur",2022-05-11 13:07:27,es,,0.0,0.0,,AgenciaNP,,26167.0,264.0,1992.0,3126.0,24.0,False,,,@AgNPalabras
No,"@Edenor Tengo mÃ¡s de una semana solicitando una cuadrilla en mi casa  y  aun nada que vienen 
El problema que tengo es exterior ya vino un electricista a ver y ustedes les ven la cara a los consumidores",2022-05-11 12:29:41,es,,0.0,0.0,@Edenor,Susana Marquez,,1631.0,2806.0,200.0,26.0,0.0,False,,,@SusanaM47083705
No,"Hola @Edenor en Triunvirato 4400, CABA estÃ¡ toda la cuadra sin LUZ.
Cuando van a repararla ???",2022-05-11 11:58:12,es,,0.0,0.0,,ğŸ”ğŸ†Diego Gaston RodriguezğŸ’š,CEO en @aliantec | Tech Recruiter and headhunter | Ing. en Sistemas | ...tarda en llegar y al final hay recompensa...,11592.0,4529.0,4123.0,1421.0,177.0,False,,,@conedi
No,"@Edenor @RocoGauna10 @BA147 Error, por privado no se van los escombros,no hay que hablar nada ,manden un camiÃ³n y listo.",2022-05-11 11:19:26,es,,0.0,0.0,@Edenor,Martin Arguello,"Hincha de Racing,heladero,metalurgico,sanitarista, Tecnico mecanico y Tecnico electricista.",1295.0,116.0,942.0,129.0,1.0,False,,,@Herodotoakd
No,@BA147 a quien le reclamo para que se lleven los escombros de @Edenor desde el 3 de marzo de 2022 me dan numerito y responden dm pero esa mugre sigue ahÃ­. https://t.co/O3jt25MUZa,2022-05-11 11:17:17,es,,0.0,0.0,@BA147,Martin Arguello,"Hincha de Racing,heladero,metalurgico,sanitarista, Tecnico mecanico y Tecnico electricista.",1295.0,116.0,942.0,129.0,1.0,False,,,@Herodotoakd
No,"@Edenor ,sigo sin servicio..!!!
FCIO VARELA",2022-05-11 01:34:53,es,,0.0,0.0,@Edenor,Lu,,312.0,112.0,54.0,8.0,0.0,False,,,@Lu_ly86
No,En menos de 1hs @Edenor cortÃ³ la luz 3 veces. Â¿EstÃ¡n jugando con el interruptor a ver a quiÃ©n le queman un electrodomÃ©stico o el router de internet? DÃ©jense de joder loco,2022-05-11 00:44:11,es,,0.0,0.0,,DÃ©borah GonzÃ¡lez,TÃ©cnica en Periodismo - Com. Social (UNLaM).Redactora quemera. Escribo para @DiarioNCOok y para @elparlamentario. Hice producciÃ³n en AM840 y CurvÃ³n Radio.,11035.0,32443.0,1161.0,437.0,0.0,False,,,@deborah_nohe22
No,@Edenor que estÃ¡n haciendo que tenemos alta tensiÃ³n y se apagaron todos los aparatos que tienen protecciÃ³n ????? Por adiÃ³s no tienen Paz !!!,2022-05-11 00:20:20,es,,0.0,0.0,@Edenor,Ave Fenix ğŸ’™ğŸ±,#SalvemosLasDosVidas,85789.0,45179.0,1168.0,1063.0,3.0,False,,,@sima3_ave
No,"@Edenor @MLaMatanza Pasaron 7hs, y todavÃ­a no mandaron el reclamo. Pero si me contestan un tuit.

Y si labrados, y en vez de pedirme DM.
ACTÃšAN TIENEN TODA LA INFORMACIÃ“N QUE NECESITAN.Saludos",2022-05-10 23:51:01,es,,0.0,0.0,@TatyNavarrete87,#NoAlPaseSanitario ğŸŒ #Libertad,"Luchando siempre por la LIBERTAD ğŸ’«

#NoAlPaseSanitario

âœ¨El objetivo nos uneâœ¨",58999.0,95866.0,4964.0,3627.0,14.0,False,,,@TatyNavarrete87
No,"@Edenor @MLaMatanza Yo ya avise, la direcciÃ³n es pÃºblica. Voy a esperar a ver cuantos dÃ­as tardan en acercarse a cambiar el palo..

Contando desde que informe todo en el primer tuit. Basta de burocracia!",2022-05-10 23:49:44,es,,0.0,0.0,@Edenor,#NoAlPaseSanitario ğŸŒ #Libertad,"Luchando siempre por la LIBERTAD ğŸ’«

#NoAlPaseSanitario

âœ¨El objetivo nos uneâœ¨",58999.0,95866.0,4964.0,3627.0,14.0,False,,,@TatyNavarrete87
No,"@Edenor @MLaMatanza No es necesario soy vecina, de la zona.
Ni siquiera es la cuadra de mi casa. 

Hoy estaban cambiando los palos de luz, me acerque a hablar con un operario. Y me dijo que les avise a ustedes.
Yo ya cumplÃ­, si pasa algo va a ser responsabilidad de edenor!",2022-05-10 23:30:15,es,,0.0,0.0,@Edenor,#NoAlPaseSanitario ğŸŒ #Libertad,"Luchando siempre por la LIBERTAD ğŸ’«

#NoAlPaseSanitario

âœ¨El objetivo nos uneâœ¨",58999.0,95866.0,4964.0,3627.0,14.0,False,,,@TatyNavarrete87
No,@Edenor hola ! Hace fÃ¡cil 2 aÃ±os q hice un reclamo x los cables de una esquina!! Espero q maten a alguien ? Que se nos funda todo ? Cuando hay vientooo los cables hacen chispas! Estamos a 15 cuadras de EDENOR! Q NECESITO para q resuelvan esto! Por favor! Y no debo nada!,2022-05-10 21:17:42,es,,0.0,0.0,@Edenor,margarita,,183.0,34.0,39.0,15.0,0.0,False,,,@62Margyna
No,"@Edenor otra vez ayer y otra vez hoy. Les importa tres carajos, una empresa con gente de mierda. https://t.co/rq67Bg0xpg",2022-05-10 20:12:47,es,,0.0,0.0,@Edenor,M Clutter,,7458.0,8668.0,276.0,85.0,2.0,False,,,@mpclutter
No,@Edenor @Herodotoakd @BA147 Led hable por privado para saber cuÃ¡ndo vuelve la luz!!,2022-05-10 19:52:39,es,,0.0,0.0,@Edenor,RocÃ­o Gauna,,10.0,40.0,7.0,3.0,0.0,False,,,@RocoGauna10
No,Cuando van a resolver esto? @Edenor para que sepan @BA147 https://t.co/xkL3Am8PTq,2022-05-10 18:27:33,es,,0.0,0.0,,Martin Arguello,"Hincha de Racing,heladero,metalurgico,sanitarista, Tecnico mecanico y Tecnico electricista.",1295.0,116.0,942.0,129.0,1.0,False,,,@Herodotoakd
No,"@Edenor #LaTablada calle Moreno, esquina Av. Chiclana. Es un poste de luz. Por favor si lo pueden cambiar.
@MLaMatanza rogamos por un patrullero de guardia urbana, esta zona es un desastre. MÃ¡s de 20 aÃ±os los vecinos luchan contra este basural, van a hacer algo? https://t.co/4JkvT8Ztvu",2022-05-10 16:25:35,es,,0.0,0.0,@Edenor,#NoAlPaseSanitario ğŸŒ #Libertad,"Luchando siempre por la LIBERTAD ğŸ’«

#NoAlPaseSanitario

âœ¨El objetivo nos uneâœ¨",58999.0,95866.0,4964.0,3627.0,14.0,False,,,@TatyNavarrete87
No,@edenor donde se puede saer cuando tendremos luz?,2022-05-10 15:20:51,es,,0.0,0.0,@Edenor,Pitufina,,20096.0,70907.0,647.0,118.0,7.0,False,,,@pitufina_a
No,@Edenor @BA147 @copidisgcba TodavÃ­a no resolvieron nada,2022-05-10 15:17:31,es,,0.0,0.0,@Edenor,Martin Arguello,"Hincha de Racing,heladero,metalurgico,sanitarista, Tecnico mecanico y Tecnico electricista.",1295.0,116.0,942.0,129.0,1.0,False,,,@Herodotoakd
No,#volvieronmejores #SinLuz #ituzaingo @Edenor @lanacionmas @telefenoticias @telenoche @A24COM @cronica @ituzaingo @canal26noticias @canal9oficial @LaCiudadDiario @spvaldevenito @gfpozzuto @msteiningerOK @gfpozzuto #ituzaingÃ³ https://t.co/oeDPqC9y41,2022-05-10 15:04:57,und,,0.0,0.0,,@paz,En AlgÃºn Lugar Del ğŸŒ,5282.0,2744.0,947.0,80.0,0.0,False,,,@Juana1979bsas
No,"@Edenor la concha de tu madre, corta la luz q cada rato, sin previo aviso. Me van a quemar todo.",2022-05-10 15:01:25,es,,0.0,0.0,@Edenor,Gizeh de OyağŸŒ¹,"I'm a bitch, I'm a lover
I'm a child, I'm a mother
I'm a sinner, I'm a saint
I do not feel ashamed
I'm your hell, I'm your dream
I'm nothing in between",40418.0,64734.0,491.0,440.0,2.0,False,,,@gizeh82
No,@Edenor #SinLuz en #ituzaingo @miituzaingo,2022-05-10 14:27:58,und,,0.0,0.0,@Edenor,@paz,En AlgÃºn Lugar Del ğŸŒ,5282.0,2744.0,947.0,80.0,0.0,False,,,@Juana1979bsas
No,@Edenor Ya se enviÃ³,2022-05-10 14:22:56,es,,0.0,0.0,@Edenor,Santiago Nahuel,,16.0,103.0,54.0,1.0,0.0,False,,,@SantiagoNahuelB
No,@Edenor ya es joda edenor quiere que le vuelva a pagar la misma factura x 2Â° ves en 8 dÃ­as con intimaciÃ³n incluida,2022-05-10 14:17:48,es,,0.0,0.0,@Edenor,El Angel,"Seguir cuando crees que no puedes mÃ¡s,es lo que te hace diferentes a los demÃ¡s.....aprende a valorar a las personas que te quieren,no a las que tu quieres",13574.0,25883.0,552.0,211.0,1.0,False,,,@migebarrios
No,@Edenor cuando vuelve la luz q ituzqingo?,2022-05-10 14:17:04,es,,0.0,0.0,@Edenor,Santiago Nahuel,,16.0,103.0,54.0,1.0,0.0,False,,,@SantiagoNahuelB
No,@Edenor cuando vuelve la luz en ituzaingo,2022-05-10 14:15:58,es,,0.0,0.0,@Edenor,Santiago Nahuel,,16.0,103.0,54.0,1.0,0.0,False,,,@SantiagoNahuelB
No,Cuando regresa la luz en #ituzaingo @Edenor ? @todonoticias @canal9oficial @canal26noticias @ituzaingo @primerplanotv @elnotidelagente @telefenoticias @telenoche @lanacionmas,2022-05-10 14:07:37,es,,0.0,0.0,,@paz,En AlgÃºn Lugar Del ğŸŒ,5282.0,2744.0,947.0,80.0,0.0,False,,,@Juana1979bsas
No,ğŸ“ˆ Esta suba rige para los grandes usuarios industriales que reciben la energÃ­a de las distribuidoras @Edenor y @OficialEdesur.,2022-05-10 12:34:40,es,,0.0,0.0,@econojournal,EconoJournal,Primera agencia de noticias de energÃ­a y minerÃ­a. Contenidos 100% propios. Periodismo especializado. Seguimiento diario de la agenda del gobierno.,18185.0,786.0,1796.0,11869.0,168.0,True,,,@econojournal
No,@Edenor Seria bueno q arreglen el problema,2022-05-10 12:30:53,es,,1.0,0.0,@Edenor,Graciela Vini ğŸ‡¦ğŸ‡·ğŸ‡ºğŸ‡¦ğŸ‡¦ğŸ‡·,"Mujer argentina con ganas de ver a mi paÃ­s sin corrupciÃ³n y con los chorros presos y devolviendo lo robado.,soy del 41%",181288.0,155130.0,10934.0,10717.0,6.0,False,,,@la_gran_gra
No,@Edenor cortaron la luz en munro y cuando llamas dicen que no es asi. En g. Marconi al 5500 toda la cuadra sin luz. Y sin previo aviso!,2022-05-10 12:16:17,es,,0.0,0.0,@Edenor,VOLVIMOS.!,,1014.0,597.0,254.0,37.0,0.0,False,,,@IsraCuervo
No,"âš¡ğŸ’¡@ENRE_ARG, controlado por el cristinismo, autorizÃ³ una suba de hasta el 73% en las #tarifaselÃ©ctricas de industrias que reciben la energÃ­a de @Edenor y @OficialEdesur

Mira la nota completa aquÃ­ ğŸ‘‡ 
https://t.co/0ilryGjXG2",2022-05-10 12:11:58,es,,10.0,8.0,,EconoJournal,Primera agencia de noticias de energÃ­a y minerÃ­a. Contenidos 100% propios. Periodismo especializado. Seguimiento diario de la agenda del gobierno.,18185.0,786.0,1796.0,11869.0,168.0,True,,,@econojournal
No,Hola amigos empezando el martes sin luz en Pilar @Edenor,2022-05-10 11:41:38,es,,0.0,0.0,,Graciela Vini ğŸ‡¦ğŸ‡·ğŸ‡ºğŸ‡¦ğŸ‡¦ğŸ‡·,"Mujer argentina con ganas de ver a mi paÃ­s sin corrupciÃ³n y con los chorros presos y devolviendo lo robado.,soy del 41%",181288.0,155130.0,10934.0,10717.0,6.0,False,,,@la_gran_gra
No,@Edenor @SINemirovsky Te dieron alguna informaciÃ³n al dm ??,2022-05-10 09:55:07,es,AR,0.0,0.0,@Edenor,Walter ğŸ» ğŸ‡¦ğŸ‡·ğŸ‡©ğŸ‡ª,"Team â„ï¸ â™‰ï¸ ğŸ‘¨â€ğŸ³ ğŸ· â›°  papÃ¡ de #milo ğŸ±
#cocinero",32347.0,48415.0,1567.0,2625.0,4.0,False,,,@Walter1979ARG
No,"@Edenor la entrada de corriente de mi vecino pasa sobre mi lÃ­nea municipal, el Ã¡rbol de enfrente de mi casa estÃ¡ por cortarlo, y las veces que pido material para construcciÃ³n no lo pueden entrar por el cable que cuelga... 2 veces a punto de romperlo... donde reclamo?",2022-05-10 09:51:38,es,,0.0,0.0,@Edenor,Zalo Abel,Voz lÃ­der de Resplandor Final,3231.0,5474.0,331.0,86.0,1.0,False,,,@Zalo_Rock
No,@Edenor sin luz en olivos .... se sabe algo ????,2022-05-10 09:48:08,es,AR,0.0,0.0,@Edenor,Walter ğŸ» ğŸ‡¦ğŸ‡·ğŸ‡©ğŸ‡ª,"Team â„ï¸ â™‰ï¸ ğŸ‘¨â€ğŸ³ ğŸ· â›°  papÃ¡ de #milo ğŸ±
#cocinero",32347.0,48415.0,1567.0,2625.0,4.0,False,,,@Walter1979ARG
No,"Sin luz en Florida, Vicente LÃ³pez. @Edenor tenÃ­a algo programado? DÃ­a de semana a esta hora?",2022-05-10 09:41:40,es,,0.0,0.0,,SINğŸ‡ºğŸ‡¦ğŸ§¬ğŸ“Šâ›³ğŸ²ğŸ–‹ï¸,Querer no es saber. Tratar no es poder. Y esforzarse no es lograrlo.,10527.0,13871.0,439.0,121.0,6.0,False,,,@SINemirovsky
No,Buen dÃ­a @Edenor Â¿quÃ© tal? Sin luz zona Olivos Panamericana entre Ugarte y Pelliza Â¿esto sucede por algo en especial o es programado? Tengo que salir a laburar pero las calles aÃºn son una boca de lobo Â¿hora de reestablecimiento? Gracias.,2022-05-10 09:36:13,es,,0.0,0.0,,ï½“ï½ï½™ â€¢ ï½“ï½‰ï½Œ ğŸŒ™,"MamÃ¡ de dos ğŸ‘­ğŸ»â€¢ Master Reiki ğŸ™ŒğŸ»
sá´‡ ÊŸá´€ á´‡É´á´‡Ê€É¢Éªá´€ Ï™á´œá´‡ Ï™á´œÉªá´‡Ê€á´‡s á´€á´›Ê€á´€á´‡Ê€
ğŸ‘‡ğŸ»Del lado River de la vida ğŸ”",4531.0,14098.0,925.0,105.0,1.0,False,,,@silvanabruni_
No,@Edenor Hola estamos sin luz desde las 17 hs!!! En la zona de paso del rey!!,2022-05-09 23:58:35,es,,0.0,0.0,@Edenor,lucia,,10.0,40.0,399.0,52.0,0.0,False,,,@lucia_yg
No,"@Edenor hay un Ã­tem en la boleta: ""otros servicios/productos"" Â¿QuÃ© otros servicios y productos brinda que no sea energÃ­a elÃ©ctrica?",2022-05-09 22:01:12,es,,0.0,0.0,@Edenor,Nora CÃ³rdoba,MamÃ¡  ğŸ’–,763.0,2976.0,243.0,37.0,0.0,False,,,@NORAELI
No,@Edenor estamos sin luz!!! QuÃ© pasÃ³ ahora??? ğŸ™„ğŸ˜ ,2022-05-09 18:54:00,es,,0.0,0.0,@Edenor,Zalalin,Biodescodificadora. Tameana. Registros Akashicos (Akashic Healing). Master Magnified Healing. MasterReiki. Feng Shui,8857.0,10024.0,178.0,210.0,2.0,False,,,@zalalin
No,@Edenor que pasa con la luz en garin!!! Desde la maÃ±ana estamos sin luz en barrio presidente peron!!,2022-05-09 18:41:39,es,,0.0,0.0,@Edenor,LOCOXRIVERâšªğŸ”´âšª,PODRAN DESTRUIR ESTAS PAREDES PERO LOS HEROES SON ETERNOSğŸ”ğŸ”ğŸ”âšªâ™¥âšª,186.0,1259.0,155.0,27.0,0.0,False,,,@soyderiver_9_12
No,"@Marielchen @Edenor a mi me pasa todos los meses, pero cuando les consultas te dicen que ya estÃ¡ abonado que no te preocupes!!",2022-05-09 18:04:11,es,,1.0,0.0,@Marielchen,celeste ausa,chamana y licenciada,14003.0,35686.0,490.0,378.0,2.0,False,,,@celausa
No,@Franlopasso @Edenor https://t.co/mZ3zOa3i5a,2022-05-09 17:41:46,und,,1.0,0.0,@Franlopasso,Ivan X-Files ğŸ’‚ğŸ»â€â™€ï¸ğŸ’·,"GeografÃ­a- MeteorologÃ­a-
Historia-EconomÃ­a- SociologÃ­a- PolÃ­tica-Liberal- Rugby",2333.0,2995.0,148.0,52.0,1.0,False,,,@IvanGeoCeltic
No,@Edenor me estÃ¡n contactando diciendo que tengo una factura impaga cuando la paguÃ© la semana pasada x pago mis cuentas. Como y donde puedo avisar esto?,2022-05-09 16:58:29,es,,0.0,0.0,@Edenor,Marielchen,,5716.0,248.0,940.0,105.0,1.0,False,,,@Marielchen
No,"Varios aÃ±os sin cortes llevÃ¡bamos @Edenor. Parece que congelar tarifas empieza a funcionar.
#CorteDeLuz",2022-05-09 16:40:21,es,AR,1.0,0.0,,Francisco,Docente de FÃ­sica y MatemÃ¡tica en educaciÃ³n terciaria...tratando de agitar un poco la conciencia...,38973.0,43619.0,794.0,874.0,4.0,False,,,@Franlopasso
No,"@Edenor buenas tardes, pueden ver mensaje por favor?",2022-05-09 16:32:29,es,,0.0,0.0,@Edenor,claudia pielert,"A veces, sÃ³lo a veces, tengo miedo de no realizar mis sueÃ±os",1161.0,1375.0,416.0,135.0,1.0,False,,,@claupielert
No,@Edenor OK,2022-05-09 16:15:17,und,,0.0,0.0,@Edenor,Ruben,Bicho raro si los hay,74072.0,79046.0,344.0,421.0,0.0,False,,,@RuJaRo
No,"@Martin_M_Guzman Explica porque @edenor aumento un 23% en marzo , ademÃ¡s del.gasto real de luz , te Is que pagar montos fijos e impuestos , mucha gente se cuelga de la luz , o no come https://t.co/iyMZiTbt59",2022-05-09 16:08:35,es,,0.0,0.0,@Martin_M_Guzman,ğŸ’™CHELA DUARTE ğŸ‡¦ğŸ‡·ğŸ‡ªğŸ‡¸,"ğŸ’¦ 41% - anti K â˜ ï¸
- anti Peronchos â˜ ï¸
anti Comunistasâ˜ ï¸

ANTIVACUNAS  LOS BLOQUEO INMEDIATO",65884.0,64392.0,2565.0,2564.0,1.0,False,,,@CHELODUARTE2
No,"@Edenor hola recibÃ­ llamado por factura impaga, la misma fue abonada el 28/4 tenia vencimiento el 10/05",2022-05-09 16:05:18,es,,0.0,0.0,@Edenor,Ruben,Bicho raro si los hay,74072.0,79046.0,344.0,421.0,0.0,False,,,@RuJaRo
No,@Edenor ME VAS A QUEMAR TODOS LOS ELECTRODOMÃ‰STICOS CON TUS CORTES Y VUELTAS DE LUZ CADA 5 MINUTOS,2022-05-09 16:01:51,es,,0.0,0.0,@Edenor,ğŸŒ™,,54988.0,11735.0,562.0,983.0,1.0,False,,,@irimainque
No,"Me sacaron la pava elÃ©ctrica, me corto la luz @Edenor https://t.co/0oy5gObkm7",2022-05-09 13:12:08,es,,0.0,0.0,,Naty Martino,DueÃ±a de un envase pocket exÃ³tica. Locutora Nacional de Radio y TV. Comediante. Columnista ğŸ“». Activista por los derechos de las personas con discapacidad.,18646.0,10712.0,1272.0,529.0,3.0,False,,,@natymartinook
No,GuzmÃ¡n saliÃ³ al cruce de las crÃ­ticas del Kirchnerismo y defendiÃ³ la baja de subsidios   https://t.co/PU0KNE5Lfa @Martin_M_Guzman @CFKArgentina @alferdezprensa @alferdez @Edenor @OficialEdesur #tarifas #inflaciÃ³n #deuda,2022-05-09 13:01:28,es,,0.0,0.0,,AgenciaNP,,26167.0,264.0,1992.0,3126.0,24.0,False,,,@AgNPalabras
No,"Hola @Edenor, desde la app no se pueden generar reclamos asÃ­ que vengo por aquÃ­ a pedirte que devuelvan el suministro en la zona de Scalabrini Ortiz y Gorrit por favor.",2022-05-09 11:15:35,es,,0.0,1.0,,Adrian Ojeda,10% talento y 90% transpiraciÃ³n. Orgulloso de los logros pero quiero mÃ¡s. Siempre adelante.,1653.0,528.0,302.0,634.0,4.0,False,,,@adrianojeda
No,@Edenor la concha de tu madre,2022-05-09 10:32:23,es,,0.0,0.0,@Edenor,Damian,,3930.0,4501.0,146.0,151.0,0.0,False,,,@Damiansalazar22
No,@Edenor les mandÃ© DM,2022-05-09 04:37:03,fr,,0.0,0.0,@Edenor,Maru âšªğŸ”´âšª,,839.0,17861.0,742.0,533.0,0.0,False,,,@Maru_R22
No,"Hola @Edenor, mas de 2 horas sin luz. El transformador explotÃ³ y esta a punto de prenderse fuego, largo un montÃ³n de humo y nadie viene. ES URGENTE ESTO.",2022-05-09 02:38:27,es,,0.0,0.0,,Maky Ayala,Lo imposible estÃ¡ a un beso de la realidad,21536.0,31295.0,149.0,378.0,1.0,False,,,@maky_1993
No,@Edenor No soy MarÃ­a no se quÃ©. Me podÃ©s contestar a mi... O a todo el mundo asÃ­ no preguntamos todos,2022-05-09 00:46:23,es,,0.0,0.0,@Edenor,TanoPastita,"aguante los ravioles loco
#teamculo #teamcarne",7.0,18.0,23.0,3.0,0.0,False,,,@tanothereal
No,"Hola @Edenor, Munro sin luz. Que paso? Cuando se solucionara?",2022-05-09 00:41:33,es,,0.0,0.0,,celeste.,,247.0,145.0,102.0,11.0,0.0,False,,,@chelseadagg
No,@Edenor Por ahora no veo nada en DM ğŸ¤·ğŸ»â€â™€ï¸,2022-05-09 00:35:51,es,AR,0.0,0.0,@Edenor,Silvina Graziadio,"Director, Marketing & Business Development @Globalsat Marketer with over 20 years experience in the #satcomms industry. #satellites #M2M #broadband #COTM",2187.0,3664.0,2422.0,882.0,18.0,False,,,@sgraziadio
No,@Edenor corte de luz en munro?,2022-05-09 00:30:46,es,,0.0,0.0,@Edenor,Silvina Graziadio,"Director, Marketing & Business Development @Globalsat Marketer with over 20 years experience in the #satcomms industry. #satellites #M2M #broadband #COTM",2187.0,3664.0,2422.0,882.0,18.0,False,,,@sgraziadio
No,"Hoy se nos explotÃ³ el medidor y llamamos a @Edenor para hacer el reclamo, pensÃ© que un domingo a la noche no iban a venir pero vinieron y solucionaron el problema enseguida. Me sorprendieron. Muchas gracias a los de atenciÃ³n al cliente.",2022-05-08 23:41:08,es,,1.0,0.0,,Jony Ayala,DiseÃ±ador Multimedia |Me gusta viajar | Defensor de la vida y la familia | Dios y patria |,4978.0,1789.0,2506.0,3052.0,7.0,False,,,@jonyteknon
No,"@Edenor QuÃ© pasa con la app que me estÃ¡ pidiendo datos personales y no se puede entrar?
Gracias.",2022-05-08 22:56:56,es,,0.0,0.0,@Edenor,VIKING IIIğŸºğŸ‡­ğŸ‡·ğŸ‡¸ğŸ‡ª,X-Sports. Chef. Bombero voluntario. Old & happy man.,23985.0,56679.0,1357.0,1554.0,3.0,False,,,@marcelomalvic
No,"IncreÃ­ble.
Boleta de @Edenor 
7 mil pesos, mismo inmueble de papÃ¡.
Reclamo, me dicen que la lectura del medidor es correcta.
Dato 1: Para ver el medidor tienen que entrar, nadie les abriÃ³.
Dato 2: Dicen que pasaron el 21 de marzo.
Dato 3: A mi papÃ¡ lo mataron en diciembre 2021. https://t.co/QSUKJMOdQd https://t.co/87ECbNriI8",2022-05-08 22:12:11,es,,0.0,1.0,,Primate HerbÃ­voro,"La careta tarde o temprano se termina cayendo, no importa que hagas ni donde vayas, siempre vas a terminar tropezando con vos mismo.",112399.0,249486.0,3936.0,18159.0,0.0,False,,,@ohsamaisalive
No,"Boleta de @edenor viene un 40% por la consumo y el otro 60% corresponde a impuestos nacionales, provinciales y municipales. AdemÃ¡s el municipio te cobra en esa boleta el alumbrado pÃºblico. #EstadoPresente",2022-05-08 21:44:23,es,,0.0,0.0,,gerard,"ningÃºn descenso
ğŸ–ï¸",23234.0,11984.0,95.0,88.0,0.0,False,,,@gglag1968
No,@Edenor dijeron que a las 18hs volvÃ­a la luz por un corte programado. Seguimos esperandoâ€¦,2022-05-08 21:37:14,es,,0.0,0.0,@Edenor,Maru Miguez,Twitter se convirtiÃ³ en mi red social favorita,11414.0,9445.0,56.0,133.0,0.0,False,,,@marumiguez
No,@Edenor dijeron que iban a cortar la luz hasta las 18 hs.. son 18.30 â€¦ necesito luz.. o me van a pagar ustedes todo lo que tengo en la heladera ?,2022-05-08 21:30:02,es,,0.0,0.0,@Edenor,Stefi Bonaventura,No te olvides de ser feliz.,3409.0,3881.0,97.0,168.0,0.0,False,,,@stefania_bon
No,Edenor LCDTH @Edenor,2022-05-08 19:12:14,en,,0.0,0.0,,FÊŸá´Ê€ Ysá´€É¢á´œÉªÊ€Ê€á´‡,ARMY ğŸ’œ,29724.0,29260.0,1070.0,488.0,0.0,False,,,@FlorYsaguirre
No,"Desde las 9 que estamos sin luz @Edenor nos dice que es un corte programado, pero no saben cuanto dura. Entras a la pÃ¡gina y no figura como programado. Nunca avisaron. Entonces, cuando mierda vuelve la luz?",2022-05-08 19:01:47,es,,0.0,1.0,,RogoğŸ’š,âšªâ¤âšª,5422.0,32738.0,383.0,171.0,0.0,False,,,@7Rogo9
No,"@Edenor cuanto tiempo tengo que esperar para poder cargar mis datos  en su pÃ¡gina, modifique el mail y ahora no funciona",2022-05-08 18:27:57,es,,0.0,0.0,@Edenor,hernan coronel,,656.0,46.0,173.0,33.0,0.0,False,,,@hernycoronel
No,@niefpe @Edenor En Maldonado tambiÃ©n!,2022-05-08 16:07:30,es,,2.0,0.0,@niefpe,Seba,Maps and Carto /ğŸ³ï¸â€ğŸŒˆ/ Insta @seebaaa91,21442.0,48070.0,2133.0,2279.0,0.0,False,,,@seebaaa91
No,@Edenor Sin luz en Don Torcuato,2022-05-08 15:34:09,es,AR,0.0,0.0,@Edenor,Maria Laura Ferraro ğŸ–ï¸ğŸ‡¦ğŸ‡·ğŸ‡ºğŸ‡¦,"Amo a mi Argentina y ansÃ­o un gobierno de personas decentes. OjalÃ¡ no me muera sin verlo. Ah, hincha de River!!
*** Soy del 41% *** YO TE AVISÃ‰",79853.0,182893.0,3849.0,3630.0,4.0,False,,,@malala2608
No,Hola @Edenor hay corte de luz por Belgrano ğŸ˜¬,2022-05-08 14:56:15,es,,0.0,0.0,,NicolÃ¡s,"Tus colores marcan mi rumbo, que lo sepa el mundo",37802.0,102302.0,1831.0,1214.0,8.0,False,,,@niefpe
No,@Edenor Edenor digital no me permite entrar por ninguna forma a abonar las facturas que siempre pague por ese sistema .... Me pueden guiar ? Un trastorno mÃ¡s,2022-05-08 14:39:23,es,,0.0,0.0,@Edenor,Ana marcela bellotti,"Mama, esposa, hija, amante de la musica, del CKD y del mar.....",4334.0,3397.0,331.0,83.0,1.0,False,,,@MarcelaBellotti
No,@Edenor @cunchetta Respondan para todos!! Que paso con la luz? Un domingo!,2022-05-08 14:26:40,es,,0.0,0.0,@Edenor,Martin Nicuesa,,123.0,246.0,222.0,38.0,0.0,False,,,@MNicuesa
No,"@Edenor Buenos dÃ­as, estoy con corte de luz zona Palermo",2022-05-08 14:20:42,es,,0.0,0.0,@Edenor,mica,salt air,78791.0,53160.0,163.0,2110.0,0.0,False,,,@florencespuhg
No,Que onda @Edenor que desde las 8 de la maÃ±ana no tenemos luz??? AlgÃºn corte programado que solo lo sabÃ­an uds??? ğŸ˜¡,2022-05-08 14:20:09,es,,1.0,0.0,,gringa ğŸ“â¤ï¸,YO TE VI MORIR EN MADRID ğŸ”â¤ï¸âš½ğŸ†,25006.0,11408.0,636.0,655.0,0.0,False,,,@cunchetta
No,@Edenor viven cortando la luz,2022-05-08 13:55:28,es,,0.0,0.0,@Edenor,PautipsCute JulietağŸ¤,Primer Fansite Argentina de @paugalindo Update/ Videos/ Photos!!! Vive y deja vivir!ğŸ™Š Pautips diva total ğŸŒ¸ #Dramatiper,29142.0,17575.0,493.0,1259.0,7.0,False,,,@pautipscute
No,@Edenor hace 10min era a las 10....va a ser asÃ­ todo el dÃ­a? https://t.co/Wk219plwxH,2022-05-08 13:11:59,es,,0.0,0.0,@Edenor,Enrique Gurtner,,176.0,59.0,291.0,69.0,2.0,False,,,@KikeGurt
No,"@Edenor Y @Edenor seguimos sin luz y sin app, que hacemos?",2022-05-08 13:09:42,es,,0.0,0.0,@KikeGurt,Enrique Gurtner,,176.0,59.0,291.0,69.0,2.0,False,,,@KikeGurt
No,"@Edenor Manuel B. Lo que respondieron es una vergÃ¼enza, no se toman ni el trabajo de validar la informaciÃ³n y mandan al cliente a chequear a una web/app que encima estÃ¡ caÃ­da!!! Si yo hago eso en mi trabajo me rajan y con razÃ³n!",2022-05-08 12:10:06,es,,0.0,0.0,@KikeGurt,Enrique Gurtner,,176.0,59.0,291.0,69.0,2.0,False,,,@KikeGurt
No,@Edenor Domingo 8.30 AM. Nada tienen que mejorar! NO SE CORTA LA LUZ UN DOMINGO!!! INEPTOS!,2022-05-08 11:50:15,es,,0.0,0.0,@Edenor,Enrique Gurtner,,176.0,59.0,291.0,69.0,2.0,False,,,@KikeGurt
No,@Edenor https://t.co/GAI0nbddit,2022-05-08 11:49:06,und,,0.0,0.0,@KikeGurt,Enrique Gurtner,,176.0,59.0,291.0,69.0,2.0,False,,,@KikeGurt
No,"@Edenor Enrique, se estÃ¡n realizando trabajos de mejoras y adecuaciÃ³n en la red de media tensiÃ³n, estamos trabajando para normalizar el servicio en el menor tiempo posible.",2022-05-08 11:47:42,es,,1.0,0.0,@Edenor,Enrique Gurtner,,176.0,59.0,291.0,69.0,2.0,False,,,@KikeGurt
No,"@Edenor hola corte en frers entre ParanÃ¡ y Pueyrredon, MartÃ­nez. Domingo???? Solucionar URGENTE",2022-05-08 11:36:26,es,,1.0,0.0,@Edenor,Enrique Gurtner,,176.0,59.0,291.0,69.0,2.0,False,,,@KikeGurt
No,Buenas noches a todos menos a mi que @Edenor decidiÃ³ que hoy no puedo mirar series porque hay tensiÃ³n alta y se me rompe la tele â¤. Argentina ğŸ‘¨â€ğŸ¦½,2022-05-08 02:50:55,es,,0.0,0.0,,V.,https://t.co/phpbYHQ72w,27282.0,11225.0,669.0,292.0,4.0,False,,,@vicky___v
No,@Edenor sera que va volver  la luz hoy en @MunicipioMoron? hace 2 horas estamos a oscuras https://t.co/clwufcgAud,2022-05-08 00:38:06,es,AR,0.0,0.0,@Edenor,Aly Gonzalez,,2514.0,11860.0,189.0,72.0,0.0,False,,,@Mariaaliciagon
No,@Edenor MorÃ³n Zona Sur. Sin luz! Me toman el reclamo?,2022-05-07 23:05:24,es,,0.0,0.0,@Edenor,ğ‘¬ğ’”ğ’•ğ’†ğ’‡ğ’‚ğ’ğ’Šğ’‚ ğŸŒº,"Pisciana â™“, Argentina ğŸ‡¦ğŸ‡·, Melomana ğŸ¶, Animalera ğŸ‘, Sarcastica ğŸ­.",110.0,662.0,125.0,10.0,0.0,False,,,@GEstefaniaC
No,"@Edenor en moron norte sin luz, corte total en todo el barrio, que onda??",2022-05-07 22:49:23,es,AR,0.0,0.0,@Edenor,Andre Schifitto,La vida sin mÃºsica no es vida,3787.0,18796.0,876.0,49.0,1.0,False,,,@Andre812
No,@Edenor necesito ayuda para asociar una cuenta a otro email. El sistema no me lo permite.,2022-05-07 22:39:11,es,,0.0,0.0,@Edenor,Fer,"Emprendedor, apasionado por las nuevas tecnologÃ­a web y mobile.",928.0,166.0,636.0,104.0,12.0,False,,,@ElMagia
No,@Edenor Ya te respondÃ­,2022-05-07 17:48:07,es,,0.0,0.0,@Edenor,Silvana Slavich,Una cosa no es justa por el hecho de ser ley. Debe ser ley porque es justa. Montesquieu Contadora Publica,233891.0,229776.0,5446.0,6342.0,23.0,False,,,@ProPYMESSlavich
No,"@Edenor me pueden dejar de hinchar la pelotas con la falta de pago de la boleta de luz, son tan inoperante?",2022-05-07 17:41:24,es,,0.0,0.0,@Edenor,Silvana Slavich,Una cosa no es justa por el hecho de ser ley. Debe ser ley porque es justa. Montesquieu Contadora Publica,233891.0,229776.0,5446.0,6342.0,23.0,False,,,@ProPYMESSlavich
No,"El tiempo no pasÃ³. Kristina por cadena nacional y @Edenor cortando la luz sin parar
Las 2 horas se hicieron 6. @andreottijuan el peor intendente que tuvimos por lejos 
@DNDConsumidor @ENRE_ARG @todonoticias @cronica",2022-05-07 04:52:36,es,,0.0,0.0,,Congoland ğŸ‡¦ğŸ‡·ğŸ‡®ğŸ‡±ğŸ‡¨ğŸ‡ºğŸ‡ºğŸ‡¦,Quiero a la mechera de Tolosa presa en pabellÃ³n comÃºn,10030.0,12315.0,780.0,175.0,0.0,False,,,@merseradetolosa
No,@laura_y_ya @MunicipioMoron @MunicipioMoron  estoy pagando el TSG mensualmente que viene la boleta de color rojo. pero tambiÃ©n en la factura de @Edenor me cobran un poco mÃ¡s de $600 de abl . CÃ³mo me cobran 2 veces la misma cosa? Me aclaran por favor,2022-05-07 02:12:15,es,,0.0,0.0,@laura_y_ya,whishmaster,,117.0,35.0,402.0,12.0,0.0,False,,,@nikkotheone
No,Es increÃ­ble. Pague el 3/5 una factura que tenia vencimiento el 4/5 (o sea pague ANTES) y @Edenor me cobra recargo. Le explico que pague ANTES del vencimiento y generan recargos igual. DESASTRE.,2022-05-06 22:04:01,es,,1.0,1.0,,Belu Longo,"Escorpiana.
Contadora en potencia. 

APORTA O APARTA",2527.0,1383.0,371.0,367.0,0.0,False,,,@belulongo_
No,"@Edenor Hola. Les enviÃ© un mensaje privado, por favor si pueden responderte. Gracias",2022-05-06 20:37:51,es,,0.0,0.0,@Edenor,BÃ¡rbara Gonzalez,Vive la vida con quien te de vida... ğŸŒ¸,49020.0,3018.0,81.0,2702.0,11.0,False,,,@Barby__G
No,@Edenor Muy linda la animaciÃ³n.,2022-05-06 19:16:24,es,,0.0,0.0,@Edenor,Monopolio,La vida es un juego,55457.0,222778.0,567.0,1027.0,2.0,False,,,@SrMonopolio
No,@Edenor acÃ¡ la gente q estaba trabajando se fue y dijo q tiene q venir @Edenor a levantar la luz?digo hace una hora terminaron,2022-05-06 18:35:43,es,,0.0,0.0,@Edenor,martin keber,,1296.0,1041.0,294.0,108.0,0.0,False,,,@martinkeber
No,Sigo sin luz @Edenor,2022-05-06 17:36:10,es,,0.0,0.0,,Ga â¤,MamÃ¡. 7LğŸ† diabla. ObstÃ©trica.,65258.0,15185.0,252.0,508.0,0.0,False,,,@gabytaCAI
No,@ClauVolks @eldiadeescobar @Escobar_Muni @Edenor Â¡Hola! PodÃ©s hacer tu reclamo acÃ¡â†’ https://t.co/bbdo30M0Am,2022-05-06 16:15:30,es,,0.0,0.0,@ClauVolks,Defensa de las y los consumidores,Defensa de las y los consumidores de la RepÃºblica Argentina. HacÃ© tu reclamo acÃ¡ â†’ https://t.co/XtB03wGDhh,96973.0,360.0,47.0,150666.0,201.0,True,,,@DNDConsumidor
No,Otra vez sopa @Edenor cortaron otra ves la luz,2022-05-06 16:09:46,es,,0.0,0.0,,martin keber,,1296.0,1041.0,294.0,108.0,0.0,False,,,@martinkeber
No,@Edenor @VictOcampo Edenor cortando la luz como de costumbre. Me acaba de pasar,2022-05-06 15:31:04,es,,0.0,0.0,@Edenor,LucÃ­a,,49626.0,1365.0,634.0,470.0,2.0,False,,,@LuuhSeguraa
No,"@VictOcampo @Edenor Que empresa de mierda, da igual si hablamos de edenor, edesur, edelap o eden! brindan servicios horribles.",2022-05-06 15:11:07,es,,0.0,0.0,@VictOcampo,Tato ğŸ‡¦ğŸ‡·,sÃ© ese tipo de persona que quieres ver en el mundo... â˜®,108046.0,366436.0,968.0,2141.0,37.0,False,,,@tato_ars
No,"Hola @Edenor ! El centro de San Miguel sin electricidad desde hace horas, impidiendo que los negocios trabajemos como corresponde. 
Â¿Se sabe hasta quÃ© hora va a seguir??",2022-05-06 15:09:22,es,,2.0,3.0,,GABRIEL TAYLOR ğŸ€,"Luchar aunque nada me falte, por aquellos a los que les falta todo ğŸ³ï¸â€ğŸŒˆ",72992.0,14.0,8097.0,9800.0,14.0,False,,,@VictOcampo
No,"2da vez que cortan la luz los pelotudos de @Edenor 

juegan a apretar botoncitos y que se quemen las cosas, imbÃ©ciles de mierda.",2022-05-06 14:28:05,es,,0.0,0.0,,M A R V,"ğŸ”¸LVL 26 â¬†
ğŸ”¸No cumplo con la regla NÂº1 de Zombieland ğŸ§Ÿâ€â™‚ï¸
ğŸ”¸FanÃ¡tico de las Pringles Sabor Original
ğŸ”¸Un Monstruo que se alimenta de bitrate ğŸ‘¾",99563.0,92840.0,1489.0,3054.0,21.0,False,,,@MrFraanX
No,@Edenor #Matheu es un peligro https://t.co/rSaXowtemM,2022-05-06 14:20:46,es,,0.0,0.0,@Edenor,Sole Cazenave,Hincha del mas grande Racing ClubğŸ¤ğŸ’™Profesora de MatemÃ¡ticağŸ‘©ğŸ¼â€ğŸ«Analista de SistemağŸ‘©ğŸ¼â€ğŸ’»,726.0,189.0,55.0,56.0,0.0,False,,,@SoleCazenave
No,"@Edenor Vengan a trabajar cambiando este poste!!! Loc: Adolfo Sourdeaux, Partido: Malvinas Argentinas, calle Husares esquina. Hortiguera https://t.co/JiQF8B1agy",2022-05-06 14:17:52,es,,0.0,0.0,@Edenor,Eduardo,,7843.0,6558.0,509.0,29.0,0.0,False,,,@edurom1972
No,"@Edenor consulta, hasta que Ã¡ngulo tiene que llegar el poste para que lo vengan a cambiar? Ya pasÃ³ la mitad de la calle y estÃ¡ sostenido solo por los cables...CUANDO CARAJOS LO VIENEN A REEMPLAZAR!!?? o esperamos una desastre??? @BDAprograma @todonoticias @cronica https://t.co/kXsWjC1mb0",2022-05-06 14:15:52,es,,0.0,0.0,@Edenor,Eduardo,,7843.0,6558.0,509.0,29.0,0.0,False,,,@edurom1972
No,@Edenor Hola ! Quiero poner medidor prepago en mi domicilio. Que pasos debo seguir ? Gracias !,2022-05-06 14:12:43,es,,0.0,0.0,@Edenor,burbuja â™¡,"Comprometida con el amor de mi vida @idayvueltaa
MamÃ¡ de mi princesa ğŸ˜",75034.0,16202.0,1431.0,4585.0,30.0,False,,,@hastaeluniverso
No,"@edenor devolveme la luz, gracias",2022-05-06 13:51:18,es,,0.0,0.0,@Edenor,bÑÄ±Î±Ğ¸,al pedo o en pedo,1451.0,2218.0,178.0,117.0,0.0,False,,,@brianbillinger_
No,"@Edenor @AySA_Oficial Te consulto, porque se llevaron las baldosas sanas , las pueden devolver?
Notificaron a Aysa que rompieron el caÃ±o?
Quien se hara cargo de volver a romper la vereda por vuestro daÃ±o?
Espero tus respuestas publicas ya que los usuarios merecemos calidad de servicio",2022-05-06 13:40:35,es,,0.0,0.0,@Edenor,Pablo,,7652.0,10758.0,749.0,268.0,1.0,False,,,@Pabloandresb
No,"@Edenor buenos dÃ­as querÃ­a hacer un reclamo ya que el dÃ­a MiÃ©rcoles27 de abril estuve 26 hs sin luz lo que generÃ³ que pierda muchÃ­sima mercaderÃ­a en mi@local para lo que querÃ­a saber si alguien se hace cargo de esta perdÃ­da! 
Mi nÃºmero de cliente es 1763387242
Gracias",2022-05-06 13:07:16,es,,0.0,0.0,@Edenor,pamela,,19.0,33.0,28.0,5.0,0.0,False,,,@pamelaf_1987
No,"@edenor haciendo mal las cosas.
EstÃ¡ vez repusieron algunas baldosas (solo trajeron 80) y rompieron el caÃ±o de agua, tuvimos que reclamar en @AySA_Oficial para que vengan a reparar, seguro romperÃ¡n nuevamente la vereda.El contratista se llevÃ³ las baldosas en buen estado que saco https://t.co/uQeT20WPrX https://t.co/fCDpBE0Hnk",2022-05-06 12:41:51,es,,0.0,0.0,@Edenor,Pablo,,7652.0,10758.0,749.0,268.0,1.0,False,,,@Pabloandresb
No,@Edenor @FedericoAchaval @LaurentPilar No. 3xpliquen porque se corta tan seguido la luz en el barrio....,2022-05-06 12:25:59,es,,0.0,0.0,@Edenor,Mario Eduardo,"CP. Argentino y Liberal. Ideas sÃ­, hombres no.",5011.0,154.0,150.0,24.0,0.0,False,,,@masjc45
No,"@Edenor que pasa en Villa Alpina II (Pilar)? 
Otra vez sin luz?!
Y hoy no van a poder poner la excusa que anoche hubo tormenta!
@FedericoAchaval 
@LaurentPilar",2022-05-06 12:08:11,es,,0.0,0.0,@Edenor,Mario Eduardo,"CP. Argentino y Liberal. Ideas sÃ­, hombres no.",5011.0,154.0,150.0,24.0,0.0,False,,,@masjc45
No,Cortes intermitentes de luz en Villa OrtÃºzar @Edenor. Me indicaron hacer el reclamo por esta vÃ­a. Aguardo su contacto,2022-05-06 01:41:28,es,,0.0,0.0,,lucho 67,,535.0,1607.0,261.0,93.0,0.0,False,,,@luarcastello
No,@Edenor El bot de @Edenor me miente descaradamente. No tengo ningÃºn punto DM,2022-05-06 01:39:24,es,,1.0,0.0,@Edenor,TheGreenArrow,"You Have Failded This City
Bloqueo ""Kirchnerperonistas"" irrespetuosos.
De River Plate",3810.0,2715.0,4576.0,4621.0,3.0,False,,,@OllieQueen4587
No,"@Edenor buenas noches! Quisiera saber  cuando vuelve la luz en Bella Vista, partido de San Miguel, Bs As",2022-05-06 01:38:26,es,,0.0,0.0,@Edenor,Gisele Gomez,,41.0,1030.0,16.0,1.0,0.0,False,,,@GiseleGomez11
No,"Que empresa de merde, casi dos horas de corte de luz. Les pido la baja y me paso a otra empresa!! Ah! Cierto que somos rehenes, gracias @Edenor por dejarnos sin luz en Chacarita.",2022-05-06 01:19:26,es,,0.0,0.0,,Romina del Mar,"SoÃ±adora empedernida, viajera, escribo y disfruto de la vida.",3103.0,5757.0,468.0,141.0,0.0,False,,,@romina_delmar
No,"@Edenor @Aquariums_inves No mientan, no tengo ningÃºn mensaje de ustedes",2022-05-06 01:15:50,es,,0.0,0.0,@Edenor,Fede Alberti,,28244.0,22018.0,240.0,343.0,0.0,False,,,@fedealbertiok
No,@Aquariums_inves @Edenor Mal!!! â€œYa te busco el nÃºmero de cuentaâ€ se cae en la oscuridad ğŸ˜‚ yo igual lo tengo en el celu porque edenor da miedo,2022-05-06 01:15:38,es,,0.0,0.0,@Aquariums_inves,Fede Alberti,,28244.0,22018.0,240.0,343.0,0.0,False,,,@fedealbertiok
No,Ni el bot de @Edenor me da bola...,2022-05-06 01:03:50,es,,0.0,0.0,@OllieQueen4587,TheGreenArrow,"You Have Failded This City
Bloqueo ""Kirchnerperonistas"" irrespetuosos.
De River Plate",3810.0,2715.0,4576.0,4621.0,3.0,False,,,@OllieQueen4587
No,"@Edenor No no, necesito que ayuden a todo el barrio, estamos a oscuras ğŸŒš.",2022-05-06 01:01:51,es,,0.0,0.0,@Edenor,Slava Ukrayini! Heroyam Slava! ğŸ‡ºğŸ‡¦,"Me llaman Alvaro btw.
â™
The kids ain't alright...",2597.0,4454.0,453.0,113.0,0.0,False,,,@Alielkyros
No,"@Edenor Buenas noches, Cecilia. Ya les contestÃ©",2022-05-06 01:01:27,es,,0.0,0.0,@Edenor,Fabio Vera,,7.0,1083.0,7.0,0.0,0.0,False,,,@Fabiovera4
No,"@fedealbertiok @Edenor Me piden nÃºmero de cuenta, estoy como para ponerme a buscarlo ahora. No es mÃ¡s fÃ¡cil informar pÃºblicamente lo que pasa, si afecta a todo un barrio?",2022-05-06 01:01:26,es,,0.0,0.0,@fedealbertiok,Aquariums and investments,"Aquariums, nature.
Stock market, cryptos.",303.0,11247.0,202.0,34.0,2.0,False,,,@Aquariums_inves
No,@Edenor A quÃ© hora vuelve la luz?,2022-05-06 01:01:21,es,,0.0,0.0,@Edenor,Marina,"Nacional, Popular, DemocrÃ¡tica, Feminista...âœŒï¸",1843.0,3077.0,418.0,144.0,0.0,False,,,@Doh_Rock_
No,"Probando al bot de @Edenor.
Devolveme la luz en Villa OrtÃºzar!",2022-05-06 01:00:49,es,,0.0,1.0,,TheGreenArrow,"You Have Failded This City
Bloqueo ""Kirchnerperonistas"" irrespetuosos.
De River Plate",3810.0,2715.0,4576.0,4621.0,3.0,False,,,@OllieQueen4587
No,"Hambre de loooz en Villa Ortuzar!!! @Edenor 

Les juramos que el aire no estaba en menos de 24 y hace frÃ­o ğŸ˜­",2022-05-06 00:58:19,es,,1.0,0.0,,Misterioso Dr. Pachorra,Abogado Penalista (UBA) âš–ï¸ EstudiÃ© para saber que estÃ¡s equivocado/a,2502.0,103035.0,3350.0,2562.0,5.0,False,,,@MisteriosoDr
No,@Edenor No me llegÃ³ ningÃºn DM,2022-05-06 00:58:13,es,,0.0,0.0,@Edenor,Roni,"Todos los animales son iguales, pero algunos son mÃ¡s iguales que otros ğŸ– 
Economista, bohemio ğŸ‡ºğŸ‡¦
Todo es opiniÃ³n personal",5046.0,10569.0,1005.0,859.0,15.0,False,,,@rpeker
No,@edenor sin luz en villa Ortuzar. Hasta cuÃ¡ndo? Que paso? Siempre lo mismo,2022-05-06 00:58:06,es,,0.0,0.0,@Edenor,Susif,Lo imposible solo tarde un poco mas ------el cielo a tus pies:),191.0,21.0,26.0,3.0,0.0,False,,,@Susif7
No,@Aquariums_inves @Edenor Que te dijeron?! Cuando vuelve?,2022-05-06 00:57:46,es,,0.0,0.0,@Aquariums_inves,Fede Alberti,,28244.0,22018.0,240.0,343.0,0.0,False,,,@fedealbertiok
No,"@Edenor contame que pasÃ³ con la luz en Villa Ortuzar?. Sin luz, me recuerda a la caza.",2022-05-06 00:54:32,es,,1.0,0.0,@Edenor,Slava Ukrayini! Heroyam Slava! ğŸ‡ºğŸ‡¦,"Me llaman Alvaro btw.
â™
The kids ain't alright...",2597.0,4454.0,453.0,113.0,0.0,False,,,@Alielkyros
No,"@Edenor que ondaa? Y la luz?? Jajaja zona villa ortuzar 
Pd: no es mas rapido hacer un comunicado a contestar por dm?",2022-05-06 00:53:49,es,,2.0,0.0,@Edenor,harğŸ–Œ,probablemente escuchando mÃºsica y quejÃ¡ndome de la facultad (aunque feliz de estar estudiando) || ğŸ’šğŸ’š,6494.0,9319.0,59.0,55.0,0.0,False,,,@artistic_yoonki
No,@Edenor sin luz ahora en Villa OrtÃºzar y la pÃ¡gina no informa ningÃºn problema,2022-05-06 00:52:12,es,,1.0,0.0,@Edenor,Marina,"Nacional, Popular, DemocrÃ¡tica, Feminista...âœŒï¸",1843.0,3077.0,418.0,144.0,0.0,False,,,@Doh_Rock_
No,@edenor sin luz en Villa Ortuzar. Cuando vuelve??,2022-05-06 00:51:11,es,,0.0,0.0,@Edenor,Fabio Vera,,7.0,1083.0,7.0,0.0,0.0,False,,,@Fabiovera4
No,@Edenor corte de luz en Villa Ortuzar,2022-05-06 00:49:47,es,,0.0,0.0,@Edenor,Aquariums and investments,"Aquariums, nature.
Stock market, cryptos.",303.0,11247.0,202.0,34.0,2.0,False,,,@Aquariums_inves
No,@Edenor  a quÃ© se debe el corte en Villa Ortuzar. Es masivo en varias cuadras,2022-05-06 00:46:51,es,,0.0,0.0,@Edenor,Andrea Martin,,178.0,317.0,63.0,31.0,0.0,False,,,@Andinmars
No,@caroloza33 @Edenor Cuando vuelve la luz ?? Soy de Ortuzar,2022-05-06 00:46:40,es,,0.0,0.0,@caroloza33,Diego CARP,"Hincha fanÃ¡tico de River Plate! 

Ni Macrista! Ni Bostero! 

Al amigo todo! Al enemigo ni las gracias!",7565.0,6156.0,1641.0,328.0,0.0,False,,,@14_25hostile
No,@Edenor #VillaOrtuzar https://t.co/g4jyd0hmlo,2022-05-06 00:46:30,und,,1.0,0.0,@Edenor,SAB,,543.0,3029.0,238.0,20.0,0.0,False,,,@sabonza87
No,@Edenor se corto la luz!!!! Zona villa Ortuzar,2022-05-06 00:44:03,es,,0.0,1.0,@Edenor,Mariel Ponce,,596.0,5840.0,500.0,50.0,0.0,False,,,@marielponcecatt
No,@carlosjmayor89 @Edenor Y comuna 15 en partes,2022-05-06 00:43:53,es,,0.0,0.0,@carlosjmayor89,Bel,"Esposa y madre de mellizas.
Me encanta el Rock!",9326.0,33761.0,438.0,99.0,0.0,False,,,@Belen_SaZa
No,AlguiÃ©n sabe quÃ© pasÃ³ en villa ortuzar que se cortÃ³ la luz? @Edenor,2022-05-06 00:42:58,es,,0.0,0.0,,Roni,"Todos los animales son iguales, pero algunos son mÃ¡s iguales que otros ğŸ– 
Economista, bohemio ğŸ‡ºğŸ‡¦
Todo es opiniÃ³n personal",5046.0,10569.0,1005.0,859.0,15.0,False,,,@rpeker
No,@Edenor les parece cortar la luz en pleno otoÃ±o a las 21hs. Â¿CuÃ¡l es la excusa ahora? Zona Villa Ortuzar.,2022-05-06 00:42:06,es,,1.0,1.0,@Edenor,Mauri Cavalieri,Ex niÃ±o cantor de la Loteria Nacional y conocedor de los secretos mÃ¡s intimos de Riverito.,115.0,427.0,294.0,88.0,0.0,False,,,@mauricavalieri
No,"@Edenor No recibÃ­ ningÃºn mensaje. Ya que me van a contestar por privado, que sea con la hora en la que me van a devolver el servicio. Gracias.",2022-05-06 00:41:29,es,,0.0,0.0,@Edenor,Romina del Mar,"SoÃ±adora empedernida, viajera, escribo y disfruto de la vida.",3103.0,5757.0,468.0,141.0,0.0,False,,,@romina_delmar
No,"@Edenor quien fue el pelotudo que programa un corte a las 22 hs, hay que ser pelotudo eh y forro",2022-05-06 00:41:25,es,,0.0,0.0,@Edenor,Carlos Javier Mayor,"Vendedor Joyas de plata, publicidad de #vanguardia , aprendiz en el mercado de capitales . ajedrecista en formaciÃ³n.",246.0,216.0,763.0,25.0,5.0,False,,,@carlosjmayor89
No,"@Edenor @todonoticias Hola Nahuel, ya respondÃ­ por privado tambiÃ©n. Aguardo pronta resoluciÃ³n. Gracias",2022-05-06 00:41:07,es,,0.0,0.0,@Edenor,Yanina V. Carluccio,"Hincha de River Plate - Amo viajar y disfrutar la vida. Adoro a mis sobrinosâ¤
Vivir riendo, eso es vida.
~Keep Smiling~
â™",2161.0,1647.0,578.0,157.0,0.0,False,,,@Yanycarluccio
No,@Edenor que paso que cortaron la luz en toda la comuna 12 ?,2022-05-06 00:38:11,es,,1.0,0.0,@Edenor,Carlos Javier Mayor,"Vendedor Joyas de plata, publicidad de #vanguardia , aprendiz en el mercado de capitales . ajedrecista en formaciÃ³n.",246.0,216.0,763.0,25.0,5.0,False,,,@carlosjmayor89
No,@Edenor Ya respondÃ­,2022-05-06 00:36:26,es,,0.0,0.0,@Edenor,Aldu,Lic en (Historia del) Arte   ğŸ–¼ Hilos sobre cultura y datos curiosos ğŸ¤“,159.0,101.0,45.0,11.0,0.0,False,,,@AldudlP
No,"SIN LUZ, ZONA VILLA ORTUZAR.
@Edenor @todonoticias",2022-05-06 00:32:57,es,,1.0,1.0,,Yanina V. Carluccio,"Hincha de River Plate - Amo viajar y disfrutar la vida. Adoro a mis sobrinosâ¤
Vivir riendo, eso es vida.
~Keep Smiling~
â™",2161.0,1647.0,578.0,157.0,0.0,False,,,@Yanycarluccio
No,"De verdad @Edenor se les ocurre hacer un ""corte programado"" a las 20:45 hs para ""mejorar"" el servicio de merde que brindan???? #Chacarita #cortedeluz",2022-05-06 00:31:36,es,,3.0,1.0,,Romina del Mar,"SoÃ±adora empedernida, viajera, escribo y disfruto de la vida.",3103.0,5757.0,468.0,141.0,0.0,False,,,@romina_delmar
No,@Edenor @C5N @lanacionmas Cirte de Luz general Villa Ortuzar.,2022-05-06 00:29:49,es,,1.0,1.0,@Edenor,Cristina Castella,"Argentina, remando en dulce de leche...",8204.0,50436.0,226.0,39.0,0.0,False,,,@sacrispa
No,@Edenor cuÃ¡l serÃ­a el motivo para que se corte la luz ahora?  No es verano ni nada,2022-05-06 00:29:11,es,,0.0,1.0,@Edenor,Aldu,Lic en (Historia del) Arte   ğŸ–¼ Hilos sobre cultura y datos curiosos ğŸ¤“,159.0,101.0,45.0,11.0,0.0,False,,,@AldudlP
No,"@dbowalsh @Edenor Te sorprenderÃ­a saber que, te hacen llenar un formulario con el cual desp se van a limpiar el ocote.",2022-05-05 22:21:11,es,,0.0,0.0,@dbowalsh,ZhentaL,"Intento de comediante.
Una vez me peguÃ© la lengua al paladar con la gotita.",11684.0,25552.0,465.0,256.0,0.0,False,,,@fraanperez23
No,@Edenor @fraanperez23 Quiero saber la respuesta ğŸ«£,2022-05-05 22:11:16,es,,0.0,0.0,@Edenor,â™¥â™¡â™¥ Debora â™¥â™¡â™¥ ï£¿,Mama del bebÃ© mÃ¡s lindo! Brandon Maddox,467.0,245.0,81.0,65.0,0.0,False,,,@dbowalsh
No,"ğŸ’°Indignante: #Edenor y #Edesur adeudan una suma #millonaria

ğŸ“ˆDentro de una semana se oficializarÃ¡n los nuevos #aumentos 
@Edenor @OficialEdesur 

ğŸ‘‡ğŸ»MÃ¡s detalles en la nota
https://t.co/LRNLKiQX3Z",2022-05-05 21:16:36,es,,0.0,0.0,,El Bonaerense,"Somos un diario digital pensado para los vecinos de zona Norte, Sur y Oeste del Conurbano Bonaerense. Envianos tu noticia.",4841.0,11.0,165.0,190.0,0.0,False,,,@elbonanews
No,Hola @Edenor â€¦. CÃ³mo hago para informar que ya no soy mas el titular del servicio porque vendÃ­ la propiedad y no quiero que figure la factura a mi nombre.,2022-05-05 18:36:25,es,,0.0,0.0,,Irinushka,Hay que ser lo que se es o no ser nada.- Prof. Nac. de Ed. FÃ­sica. Tecnica Sup. en Adm. Tributaria. AGIP-DGR.,1726.0,3414.0,261.0,90.0,0.0,False,,,@IrenkaYanuk
No,@Edenor Te respondÃ­,2022-05-05 18:27:13,es,,0.0,0.0,@Edenor,Caro Lina,Handball â¤ğŸ’—,188.0,217.0,219.0,20.0,0.0,False,,,@caroloza33
No,@Edenor ya conteste,2022-05-05 18:20:39,es,,0.0,0.0,@Edenor,Caro Lina,Handball â¤ğŸ’—,188.0,217.0,219.0,20.0,0.0,False,,,@caroloza33
No,"Che @Edenor un pico de tension me acaba de matar la placa de video, la mande a un tecnico y es irrecuperable, quien se hace cargo?",2022-05-05 18:19:07,es,,0.0,0.0,,ZhentaL,"Intento de comediante.
Una vez me peguÃ© la lengua al paladar con la gotita.",11684.0,25552.0,465.0,256.0,0.0,False,,,@fraanperez23
No,@Edenor Ya conteste,2022-05-05 18:18:35,es,,0.0,0.0,@Edenor,Caro Lina,Handball â¤ğŸ’—,188.0,217.0,219.0,20.0,0.0,False,,,@caroloza33
No,@Edenor hola buenas tardes. Necesito w se comuniquen conmigo por favor,2022-05-05 17:52:52,es,,0.0,0.0,@Edenor,Caro Lina,Handball â¤ğŸ’—,188.0,217.0,219.0,20.0,0.0,False,,,@caroloza33
No,"@Edenor Buen dÃ­a, te respondo gracias",2022-05-05 14:32:22,es,,0.0,0.0,@Edenor,Eze,,523.0,1567.0,158.0,13.0,0.0,False,,,@EAvanses
No,"DÃ­a 3 de seguimiento a la baja tensiÃ³n en casa  @DNDConsumidor @eldiadeescobar @Escobar_Muni  26,8% por debajo de los 220V que deberÃ­a surtir @Edenor #ingenieromaschwitz https://t.co/TM9ZEVWvFC",2022-05-05 14:31:10,es,,0.0,1.0,,Claudia Verde,"Instructora de Spinning! amante del Running, feliz mamÃ¡ de 2 y segurÃ­sima que Creer es Crear!",2708.0,456.0,458.0,152.0,4.0,False,,,@ClauVolks
No,"@Edenor les mande MP con reclamo, espero pronta respuesta.",2022-05-05 14:15:38,es,,0.0,1.0,@Edenor,Eze,,523.0,1567.0,158.0,13.0,0.0,False,,,@EAvanses
No,"Sin luz desde las 8am en zona Unicenter, quÃ© estÃ¡ pasando @Edenor",2022-05-05 13:29:33,es,,1.0,1.0,,Mica.,Still deciding what to write here.,13261.0,405.0,1533.0,776.0,9.0,False,,,@MicaRedrum
No,@Edenor ya van 2hs en que toda la zona no hay luz.,2022-05-05 01:48:41,es,,1.0,1.0,@Edenor,Azulâœ¨,"NCTZen y Alice- #MVP por sobre todo -Amante de libros y mangas - 96 line.
Cuenta fangirl.",3659.0,2519.0,180.0,60.0,0.0,False,,,@AzulIrwin96
No,"@Edenor Y lpmqtp de nuevo sin luz! Paso del Rey. Tierra de nadie. Nadie controla. Hacen lo que quieren dieron la luz a la maÃ±ana y ahora la volvieron a cortar.
Roma 2426. Paso del Rey. Que hay que hacer? Sinverguenzas!!!",2022-05-04 23:45:20,es,,0.0,0.0,@Edenor,Gloria Dure,"Soy muy sincera, trato de ser justa. Soy escritora emrrgente En marzo 2021 salio  la  Antologia sorora Mujeres hechas de Historias  y ya Abrazando Vinculos.",1827.0,1573.0,553.0,62.0,0.0,False,,,@glodur9
No,@Edenor No me llego nada!!,2022-05-04 23:25:01,es,,0.0,0.0,@Edenor,emiliano bracamonte,,390.0,17282.0,500.0,39.0,0.0,False,,,@juanemi86
No,@Edenor Desde anoche sin luz!!!! Viene la cuadrilla y ellos no pueden hacer el arreglo q se necesita tiene q venir otra!! Un desastre son ğŸ¤¦â€â™‚ï¸,2022-05-04 23:16:02,es,,0.0,0.0,@Edenor,emiliano bracamonte,,390.0,17282.0,500.0,39.0,0.0,False,,,@juanemi86
No,@Edenor ESPERO ME DESCUENTEN EL DIA DE TRABAJO QUE PERDI POR CULPA DE LA FALTA DE LUZ. ğŸ™„,2022-05-04 23:09:34,es,,0.0,0.0,@gloriosapaz,âœ¨Glori S.A.âœ¨,,2515.0,3262.0,27.0,70.0,0.0,False,,,@gloriosapaz
